date,day.of.week,car.count,weather,cloud.indicator
2010-01-01,Friday,101,0.1,clear
2010-01-02,Saturday,34,0.2,cloudy
2010-01-03,Sunday,113,0.4,clear
2010-01-04,Monday,5,0.6,cloudy
2010-01-05,Tuesday,124,0.1,clear
2010-01-06,Wednesday,104,-0.1,clear
2010-01-07,Thursday,81,-1,clear
2010-01-08,Friday,67,-0.3,cloudy
2010-01-09,Saturday,89,0.2,cloudy
2010-01-10,Sunday,132,1.4,clear
2010-01-11,Monday,105,-0.1,clear
2010-01-12,Tuesday,94,-0.8,clear
2010-01-13,Wednesday,99,-0.5,clear
2010-01-14,Thursday,24,0.6,cloudy
2010-01-15,Friday,98,-1.9,clear
2010-01-16,Saturday,31,-0.6,cloudy
2010-01-17,Sunday,69,0,cloudy
2010-01-18,Monday,96,1.4,clear
2010-01-19,Tuesday,94,-0.9,clear
2010-01-20,Wednesday,91,0,clear
2010-01-21,Thursday,42,0.2,cloudy
2010-01-22,Friday,101,0.5,clear
2010-01-23,Saturday,123,1.7,clear
2010-01-24,Sunday,123,-1,clear
2010-01-25,Monday,107,0.4,clear
2010-01-26,Tuesday,93,-1.5,clear
2010-01-27,Wednesday,118,1.2,clear
2010-01-28,Thursday,70,0,cloudy
2010-01-29,Friday,91,-1,clear
2010-01-30,Saturday,124,0.2,clear
2010-01-31,Sunday,105,-1,clear
2010-02-01,Monday,64,0.7,cloudy
2010-02-02,Tuesday,90,0.8,clear
2010-02-03,Wednesday,84,-0.8,clear
2010-02-04,Thursday,101,-1.3,cloudy
2010-02-05,Friday,70,-0.4,cloudy
2010-02-06,Saturday,103,-0.1,clear
2010-02-07,Sunday,89,-0.3,cloudy
2010-02-08,Monday,98,0.2,clear
2010-02-09,Tuesday,89,0.4,cloudy
2010-02-10,Wednesday,57,0.9,cloudy
2010-02-11,Thursday,63,0.4,cloudy
2010-02-12,Friday,107,-0.1,cloudy
2010-02-13,Saturday,21,-0.1,cloudy
2010-02-14,Sunday,41,-0.3,cloudy
2010-02-15,Monday,97,-0.1,clear
2010-02-16,Tuesday,107,-1.9,clear
2010-02-17,Wednesday,4,0.3,cloudy
2010-02-18,Thursday,119,-0.5,clear
2010-02-19,Friday,93,-0.1,clear
2010-02-20,Saturday,73,0.5,cloudy
2010-02-21,Sunday,100,-1.2,cloudy
2010-02-22,Monday,23,-0.9,cloudy
2010-02-23,Tuesday,76,0.3,cloudy
2010-02-24,Wednesday,148,0,clear
2010-02-25,Thursday,103,1.3,clear
2010-02-26,Friday,106,-0.9,clear
2010-02-27,Saturday,116,0,cloudy
2010-02-28,Sunday,112,1.2,clear
2010-03-01,Monday,108,-0.1,cloudy
2010-03-02,Tuesday,7,0.3,cloudy
2010-03-03,Wednesday,50,-0.5,cloudy
2010-03-04,Thursday,98,3.1,clear
2010-03-05,Friday,64,0,cloudy
2010-03-06,Saturday,78,-1.2,cloudy
2010-03-07,Sunday,113,0,clear
2010-03-08,Monday,46,0.5,cloudy
2010-03-09,Tuesday,126,0.2,clear
2010-03-10,Wednesday,120,0.3,clear
2010-03-11,Thursday,36,-0.7,cloudy
2010-03-12,Friday,23,0,cloudy
2010-03-13,Saturday,18,0.1,cloudy
2010-03-14,Sunday,55,0.8,cloudy
2010-03-15,Monday,117,1.8,clear
2010-03-16,Tuesday,124,0.1,clear
2010-03-17,Wednesday,107,0.9,clear
2010-03-18,Thursday,117,1.3,clear
2010-03-19,Friday,99,0,cloudy
2010-03-20,Saturday,22,1.4,cloudy
2010-03-21,Sunday,94,1.5,cloudy
2010-03-22,Monday,137,-0.2,clear
2010-03-23,Tuesday,2,-1.9,cloudy
2010-03-24,Wednesday,105,-0.8,clear
2010-03-25,Thursday,98,-1.4,clear
2010-03-26,Friday,104,-1,clear
2010-03-27,Saturday,102,1.4,clear
2010-03-28,Sunday,98,-0.9,cloudy
2010-03-29,Monday,44,0,cloudy
2010-03-30,Tuesday,52,-1.9,cloudy
2010-03-31,Wednesday,108,0.8,clear
2010-04-01,Thursday,99,-0.3,clear
2010-04-02,Friday,105,0.9,clear
2010-04-03,Saturday,90,0.4,cloudy
2010-04-04,Sunday,124,-1.4,clear
2010-04-05,Monday,41,-0.6,cloudy
2010-04-06,Tuesday,43,0.8,cloudy
2010-04-07,Wednesday,37,2.3,cloudy
2010-04-08,Thursday,8,0.2,cloudy
2010-04-09,Friday,119,0.1,cloudy
2010-04-10,Saturday,112,0.3,clear
2010-04-11,Sunday,125,0.4,clear
2010-04-12,Monday,111,0.2,clear
2010-04-13,Tuesday,82,0.9,cloudy
2010-04-14,Wednesday,12,-1.2,cloudy
2010-04-15,Thursday,9,-0.7,cloudy
2010-04-16,Friday,42,-1.2,cloudy
2010-04-17,Saturday,144,-2.2,clear
2010-04-18,Sunday,127,-0.1,clear
2010-04-19,Monday,101,0.8,clear
2010-04-20,Tuesday,94,-0.1,clear
2010-04-21,Wednesday,117,-1.5,clear
2010-04-22,Thursday,84,0.4,cloudy
2010-04-23,Friday,129,-1.6,clear
2010-04-24,Saturday,121,-0.5,clear
2010-04-25,Sunday,115,-0.6,clear
2010-04-26,Monday,121,0,clear
2010-04-27,Tuesday,103,0,clear
2010-04-28,Wednesday,105,-0.7,clear
2010-04-29,Thursday,147,-0.2,clear
2010-04-30,Friday,109,-0.4,clear
2010-05-01,Saturday,117,-0.6,clear
2010-05-02,Sunday,107,0.2,clear
2010-05-03,Monday,153,1,clear
2010-05-04,Tuesday,111,0.4,clear
2010-05-05,Wednesday,131,1.4,clear
2010-05-06,Thursday,98,-0.9,cloudy
2010-05-07,Friday,109,1.4,clear
2010-05-08,Saturday,127,0.3,clear
2010-05-09,Sunday,114,-1,clear
2010-05-10,Monday,44,0.8,cloudy
2010-05-11,Tuesday,107,1.4,cloudy
2010-05-12,Wednesday,128,-0.2,clear
2010-05-13,Thursday,109,-0.5,clear
2010-05-14,Friday,104,0.7,clear
2010-05-15,Saturday,80,0.5,cloudy
2010-05-16,Sunday,140,1.3,clear
2010-05-17,Monday,68,-0.8,cloudy
2010-05-18,Tuesday,120,-1.6,clear
2010-05-19,Wednesday,104,0.4,clear
2010-05-20,Thursday,99,0.1,cloudy
2010-05-21,Friday,142,1.1,clear
2010-05-22,Saturday,139,0.2,clear
2010-05-23,Sunday,117,-0.7,clear
2010-05-24,Monday,135,-0.7,clear
2010-05-25,Tuesday,115,-1,clear
2010-05-26,Wednesday,69,0.3,cloudy
2010-05-27,Thursday,113,0.3,clear
2010-05-28,Friday,134,1.4,clear
2010-05-29,Saturday,101,0.4,cloudy
2010-05-30,Sunday,144,1.1,clear
2010-05-31,Monday,142,0.3,clear
2010-06-01,Tuesday,116,-0.7,clear
2010-06-02,Wednesday,154,-0.4,clear
2010-06-03,Thursday,123,0,cloudy
2010-06-04,Friday,76,0.6,cloudy
2010-06-05,Saturday,140,0.8,clear
2010-06-06,Sunday,121,0.4,clear
2010-06-07,Monday,120,0.1,cloudy
2010-06-08,Tuesday,107,-0.8,clear
2010-06-09,Wednesday,145,-0.1,clear
2010-06-10,Thursday,112,0.8,cloudy
2010-06-11,Friday,99,0.4,cloudy
2010-06-12,Saturday,121,1.1,clear
2010-06-13,Sunday,116,-0.1,clear
2010-06-14,Monday,145,-1.7,clear
2010-06-15,Tuesday,2,1.1,cloudy
2010-06-16,Wednesday,39,0,cloudy
2010-06-17,Thursday,119,0.7,clear
2010-06-18,Friday,128,1.3,clear
2010-06-19,Saturday,128,-0.8,clear
2010-06-20,Sunday,166,-0.9,clear
2010-06-21,Monday,123,0,clear
2010-06-22,Tuesday,119,-0.8,clear
2010-06-23,Wednesday,105,-0.5,clear
2010-06-24,Thursday,159,-0.4,clear
2010-06-25,Friday,116,-0.1,cloudy
2010-06-26,Saturday,126,0.7,clear
2010-06-27,Sunday,140,-1,clear
2010-06-28,Monday,119,-0.5,clear
2010-06-29,Tuesday,106,0.6,cloudy
2010-06-30,Wednesday,114,0.3,clear
2010-07-01,Thursday,128,0.6,clear
2010-07-02,Friday,32,-0.4,cloudy
2010-07-03,Saturday,107,-1.7,cloudy
2010-07-04,Sunday,95,0.7,cloudy
2010-07-05,Monday,119,0.4,clear
2010-07-06,Tuesday,130,0,clear
2010-07-07,Wednesday,110,0,cloudy
2010-07-08,Thursday,130,-0.3,clear
2010-07-09,Friday,126,-0.6,clear
2010-07-10,Saturday,121,-0.6,clear
2010-07-11,Sunday,106,0.8,cloudy
2010-07-12,Monday,38,-1.2,cloudy
2010-07-13,Tuesday,5,-0.3,cloudy
2010-07-14,Wednesday,27,-0.1,cloudy
2010-07-15,Thursday,79,1.8,cloudy
2010-07-16,Friday,118,-0.7,clear
2010-07-17,Saturday,150,-1.8,cloudy
2010-07-18,Sunday,79,-1,cloudy
2010-07-19,Monday,160,1.7,clear
2010-07-20,Tuesday,146,1,clear
2010-07-21,Wednesday,85,-0.2,cloudy
2010-07-22,Thursday,123,0.6,clear
2010-07-23,Friday,146,0.7,clear
2010-07-24,Saturday,121,-0.6,clear
2010-07-25,Sunday,158,-0.8,clear
2010-07-26,Monday,82,0.3,cloudy
2010-07-27,Tuesday,135,-0.4,clear
2010-07-28,Wednesday,143,1.2,cloudy
2010-07-29,Thursday,130,-2.3,clear
2010-07-30,Friday,1,0.8,cloudy
2010-07-31,Saturday,123,0.3,cloudy
2010-08-01,Sunday,42,-0.3,cloudy
2010-08-02,Monday,172,0.6,clear
2010-08-03,Tuesday,157,1.3,clear
2010-08-04,Wednesday,117,-1.1,clear
2010-08-05,Thursday,56,0.3,cloudy
2010-08-06,Friday,16,-2.3,cloudy
2010-08-07,Saturday,137,-1,clear
2010-08-08,Sunday,125,-0.1,clear
2010-08-09,Monday,2,-1.8,cloudy
2010-08-10,Tuesday,93,-0.2,cloudy
2010-08-11,Wednesday,118,-0.5,cloudy
2010-08-12,Thursday,136,-0.4,clear
2010-08-13,Friday,155,1.2,clear
2010-08-14,Saturday,122,-1.6,clear
2010-08-15,Sunday,147,-0.9,clear
2010-08-16,Monday,129,0,clear
2010-08-17,Tuesday,153,0.2,clear
2010-08-18,Wednesday,95,-1,cloudy
2010-08-19,Thursday,124,3.8,clear
2010-08-20,Friday,27,0.4,cloudy
2010-08-21,Saturday,140,0.9,clear
2010-08-22,Sunday,150,-0.3,clear
2010-08-23,Monday,31,1.1,cloudy
2010-08-24,Tuesday,132,-1,clear
2010-08-25,Wednesday,136,0.4,clear
2010-08-26,Thursday,112,0.6,cloudy
2010-08-27,Friday,136,0,clear
2010-08-28,Saturday,57,-0.2,cloudy
2010-08-29,Sunday,30,-0.8,cloudy
2010-08-30,Monday,140,2.6,clear
2010-08-31,Tuesday,9,0.9,cloudy
2010-09-01,Wednesday,146,0.4,clear
2010-09-02,Thursday,130,2.6,clear
2010-09-03,Friday,10,-0.6,cloudy
2010-09-04,Saturday,145,-2,clear
2010-09-05,Sunday,146,0.6,clear
2010-09-06,Monday,148,1,clear
2010-09-07,Tuesday,148,-0.2,clear
2010-09-08,Wednesday,18,-1,cloudy
2010-09-09,Thursday,3,-0.8,cloudy
2010-09-10,Friday,135,0,clear
2010-09-11,Saturday,126,-1,clear
2010-09-12,Sunday,146,1.9,clear
2010-09-13,Monday,164,1.5,clear
2010-09-14,Tuesday,127,-0.1,clear
2010-09-15,Wednesday,146,-1,clear
2010-09-16,Thursday,150,-0.4,clear
2010-09-17,Friday,143,-1.4,clear
2010-09-18,Saturday,51,0.6,cloudy
2010-09-19,Sunday,118,-2.7,cloudy
2010-09-20,Monday,118,1.4,cloudy
2010-09-21,Tuesday,151,0.8,clear
2010-09-22,Wednesday,50,0.1,cloudy
2010-09-23,Thursday,191,0.1,clear
2010-09-24,Friday,138,0.1,clear
2010-09-25,Saturday,146,-0.6,clear
2010-09-26,Sunday,155,0,clear
2010-09-27,Monday,138,0.9,clear
2010-09-28,Tuesday,13,0.4,cloudy
2010-09-29,Wednesday,5,0.1,cloudy
2010-09-30,Thursday,136,-0.5,clear
2010-10-01,Friday,107,-0.6,cloudy
2010-10-02,Saturday,119,0.8,cloudy
2010-10-03,Sunday,20,0.6,cloudy
2010-10-04,Monday,6,2,cloudy
2010-10-05,Tuesday,89,1.5,cloudy
2010-10-06,Wednesday,114,-1,cloudy
2010-10-07,Thursday,122,-0.4,clear
2010-10-08,Friday,137,0.8,clear
2010-10-09,Saturday,123,-0.6,cloudy
2010-10-10,Sunday,125,-0.1,clear
2010-10-11,Monday,120,1.2,clear
2010-10-12,Tuesday,126,0.2,clear
2010-10-13,Wednesday,154,0.2,cloudy
2010-10-14,Thursday,108,-0.3,cloudy
2010-10-15,Friday,144,-0.5,clear
2010-10-16,Saturday,143,0.6,clear
2010-10-17,Sunday,150,0.8,clear
2010-10-18,Monday,149,-0.3,clear
2010-10-19,Tuesday,192,-0.2,clear
2010-10-20,Wednesday,140,-0.6,clear
2010-10-21,Thursday,130,-1.2,clear
2010-10-22,Friday,141,0.6,clear
2010-10-23,Saturday,129,0.7,clear
2010-10-24,Sunday,136,0.5,clear
2010-10-25,Monday,130,-1,clear
2010-10-26,Tuesday,136,0.4,clear
2010-10-27,Wednesday,126,1.2,clear
2010-10-28,Thursday,115,-0.9,clear
2010-10-29,Friday,169,-0.4,clear
2010-10-30,Saturday,86,0.9,cloudy
2010-10-31,Sunday,150,1.1,clear
2010-11-01,Monday,44,-0.1,cloudy
2010-11-02,Tuesday,88,-0.4,cloudy
2010-11-03,Wednesday,135,0.3,clear
2010-11-04,Thursday,143,0.6,clear
2010-11-05,Friday,56,2.6,cloudy
2010-11-06,Saturday,149,-2.4,clear
2010-11-07,Sunday,141,0.5,clear
2010-11-08,Monday,158,-1.4,clear
2010-11-09,Tuesday,148,3.2,clear
2010-11-10,Wednesday,121,1.4,clear
2010-11-11,Thursday,137,0.7,clear
2010-11-12,Friday,21,0.5,cloudy
2010-11-13,Saturday,141,0.4,clear
2010-11-14,Sunday,11,-0.4,cloudy
2010-11-15,Monday,158,0.1,clear
2010-11-16,Tuesday,158,-0.1,clear
2010-11-17,Wednesday,147,-2.1,clear
2010-11-18,Thursday,90,-0.7,cloudy
2010-11-19,Friday,141,1.4,clear
2010-11-20,Saturday,140,-0.3,clear
2010-11-21,Sunday,39,0.3,cloudy
2010-11-22,Monday,159,0.8,clear
2010-11-23,Tuesday,136,0,clear
2010-11-24,Wednesday,136,-0.6,clear
2010-11-25,Thursday,144,0.2,clear
2010-11-26,Friday,169,-0.3,clear
2010-11-27,Saturday,171,-0.2,clear
2010-11-28,Sunday,174,-1.3,clear
2010-11-29,Monday,164,0.8,clear
2010-11-30,Tuesday,139,0.5,clear
2010-12-01,Wednesday,117,-1,cloudy
2010-12-02,Thursday,169,-1,clear
2010-12-03,Friday,154,1.2,clear
2010-12-04,Saturday,149,-1.5,clear
2010-12-05,Sunday,138,1.1,clear
2010-12-06,Monday,147,0.5,clear
2010-12-07,Tuesday,87,-0.1,cloudy
2010-12-08,Wednesday,73,1.5,cloudy
2010-12-09,Thursday,88,-0.8,cloudy
2010-12-10,Friday,154,-1,clear
2010-12-11,Saturday,142,1.2,clear
2010-12-12,Sunday,14,0.8,cloudy
2010-12-13,Monday,103,1.3,cloudy
2010-12-14,Tuesday,168,-0.1,clear
2010-12-15,Wednesday,164,-0.1,clear
2010-12-16,Thursday,139,0.3,clear
2010-12-17,Friday,144,-0.1,clear
2010-12-18,Saturday,160,-1.6,clear
2010-12-19,Sunday,59,-0.2,cloudy
2010-12-20,Monday,152,1.1,clear
2010-12-21,Tuesday,157,-0.1,clear
2010-12-22,Wednesday,35,-1,cloudy
2010-12-23,Thursday,45,-1.2,cloudy
2010-12-24,Friday,94,-0.6,cloudy
2010-12-25,Saturday,171,0.7,clear
2010-12-26,Sunday,71,-1.2,cloudy
2010-12-27,Monday,79,-0.6,cloudy
2010-12-28,Tuesday,152,0.5,cloudy
2010-12-29,Wednesday,63,-1.1,cloudy
2010-12-30,Thursday,145,-1.1,clear
2010-12-31,Friday,134,1,clear
2011-01-01,Saturday,152,1.8,clear
2011-01-02,Sunday,131,-0.6,clear
2011-01-03,Monday,102,0,cloudy
2011-01-04,Tuesday,141,-0.7,cloudy
2011-01-05,Wednesday,138,0.7,clear
2011-01-06,Thursday,44,-0.8,cloudy
2011-01-07,Friday,146,-0.2,clear
2011-01-08,Saturday,172,0.4,clear
2011-01-09,Sunday,138,-0.9,clear
2011-01-10,Monday,184,-0.5,clear
2011-01-11,Tuesday,133,-1.3,clear
2011-01-12,Wednesday,143,0.4,cloudy
2011-01-13,Thursday,41,0.7,cloudy
2011-01-14,Friday,151,-0.7,clear
2011-01-15,Saturday,148,0.9,clear
2011-01-16,Sunday,200,0,clear
2011-01-17,Monday,168,0,clear
2011-01-18,Tuesday,151,0.5,clear
2011-01-19,Wednesday,136,-0.4,cloudy
2011-01-20,Thursday,137,0.6,clear
2011-01-21,Friday,23,1.7,cloudy
2011-01-22,Saturday,153,0.4,clear
2011-01-23,Sunday,135,-0.4,clear
2011-01-24,Monday,62,-2,cloudy
2011-01-25,Tuesday,134,-0.2,clear
2011-01-26,Wednesday,148,-0.3,clear
2011-01-27,Thursday,99,1.8,cloudy
2011-01-28,Friday,6,0.4,cloudy
2011-01-29,Saturday,59,-0.2,cloudy
2011-01-30,Sunday,23,0.6,cloudy
2011-01-31,Monday,63,-1.3,cloudy
2011-02-01,Tuesday,85,-0.1,cloudy
2011-02-02,Wednesday,144,1.1,clear
2011-02-03,Thursday,149,0,clear
2011-02-04,Friday,151,-1.3,clear
2011-02-05,Saturday,141,1.5,clear
2011-02-06,Sunday,161,1.2,clear
2011-02-07,Monday,142,-1.4,cloudy
2011-02-08,Tuesday,16,0.1,cloudy
2011-02-09,Wednesday,32,0,cloudy
2011-02-10,Thursday,73,-2.9,cloudy
2011-02-11,Friday,172,-1.3,clear
2011-02-12,Saturday,136,-0.8,cloudy
2011-02-13,Sunday,81,-0.2,cloudy
2011-02-14,Monday,162,0.8,cloudy
2011-02-15,Tuesday,158,-0.3,clear
2011-02-16,Wednesday,141,0.1,cloudy
2011-02-17,Thursday,151,2.1,clear
2011-02-18,Friday,108,-1.1,cloudy
2011-02-19,Saturday,160,-1,clear
2011-02-20,Sunday,132,0.2,cloudy
2011-02-21,Monday,157,0.3,clear
2011-02-22,Tuesday,95,0.1,cloudy
2011-02-23,Wednesday,149,-0.4,clear
2011-02-24,Thursday,160,-2.7,clear
2011-02-25,Friday,153,-1,clear
2011-02-26,Saturday,148,2.1,clear
2011-02-27,Sunday,50,0.3,cloudy
2011-02-28,Monday,161,-0.3,cloudy
2011-03-01,Tuesday,45,-0.4,cloudy
2011-03-02,Wednesday,150,-1.5,clear
2011-03-03,Thursday,144,1,cloudy
2011-03-04,Friday,6,-0.6,cloudy
2011-03-05,Saturday,97,-0.6,cloudy
2011-03-06,Sunday,117,-0.5,cloudy
2011-03-07,Monday,180,1.8,cloudy
2011-03-08,Tuesday,239,-0.5,clear
2011-03-09,Wednesday,139,-0.4,clear
2011-03-10,Thursday,145,1,clear
2011-03-11,Friday,210,-0.9,clear
2011-03-12,Saturday,166,0.8,clear
2011-03-13,Sunday,176,-0.3,clear
2011-03-14,Monday,165,-0.1,clear
2011-03-15,Tuesday,73,1.6,cloudy
2011-03-16,Wednesday,120,0.9,cloudy
2011-03-17,Thursday,137,-1.1,cloudy
2011-03-18,Friday,181,1.4,clear
2011-03-19,Saturday,188,-0.4,cloudy
2011-03-20,Sunday,128,-0.3,cloudy
2011-03-21,Monday,187,0,clear
2011-03-22,Tuesday,187,1.5,clear
2011-03-23,Wednesday,159,-1,clear
2011-03-24,Thursday,126,-2.3,cloudy
2011-03-25,Friday,137,-0.4,cloudy
2011-03-26,Saturday,162,-0.7,clear
2011-03-27,Sunday,147,0.3,clear
2011-03-28,Monday,105,-0.6,cloudy
2011-03-29,Tuesday,132,-1.3,cloudy
2011-03-30,Wednesday,132,0.7,cloudy
2011-03-31,Thursday,183,0.1,clear
2011-04-01,Friday,66,0,cloudy
2011-04-02,Saturday,150,0.5,clear
2011-04-03,Sunday,163,0.1,clear
2011-04-04,Monday,145,1.3,clear
2011-04-05,Tuesday,149,-0.8,clear
2011-04-06,Wednesday,153,1.1,clear
2011-04-07,Thursday,42,0.2,cloudy
2011-04-08,Friday,59,0.4,cloudy
2011-04-09,Saturday,168,0.4,clear
2011-04-10,Sunday,148,2.4,clear
2011-04-11,Monday,155,-0.5,clear
2011-04-12,Tuesday,1,0.6,cloudy
2011-04-13,Wednesday,177,-1.4,clear
2011-04-14,Thursday,146,0.7,clear
2011-04-15,Friday,34,0.8,cloudy
2011-04-16,Saturday,144,0.9,clear
2011-04-17,Sunday,162,-0.8,clear
2011-04-18,Monday,146,-0.5,clear
2011-04-19,Tuesday,16,-0.1,cloudy
2011-04-20,Wednesday,103,-0.9,cloudy
2011-04-21,Thursday,33,0.6,cloudy
2011-04-22,Friday,38,-1.1,cloudy
2011-04-23,Saturday,175,0.1,clear
2011-04-24,Sunday,149,-1.6,clear
2011-04-25,Monday,2,0.2,cloudy
2011-04-26,Tuesday,45,-0.5,cloudy
2011-04-27,Wednesday,158,0.4,clear
2011-04-28,Thursday,136,-0.9,clear
2011-04-29,Friday,40,1.7,cloudy
2011-04-30,Saturday,141,1.1,cloudy
2011-05-01,Sunday,147,0.4,clear
2011-05-02,Monday,63,1.6,cloudy
2011-05-03,Tuesday,169,1.1,clear
2011-05-04,Wednesday,156,0.6,clear
2011-05-05,Thursday,103,-1.2,cloudy
2011-05-06,Friday,158,0.7,clear
2011-05-07,Saturday,168,0.6,clear
2011-05-08,Sunday,151,1.5,clear
2011-05-09,Monday,149,0.3,cloudy
2011-05-10,Tuesday,149,0.1,clear
2011-05-11,Wednesday,166,0.1,clear
2011-05-12,Thursday,158,-1.7,clear
2011-05-13,Friday,159,0.6,clear
2011-05-14,Saturday,158,0.3,clear
2011-05-15,Sunday,156,0.9,clear
2011-05-16,Monday,30,-0.4,cloudy
2011-05-17,Tuesday,69,-1.9,cloudy
2011-05-18,Wednesday,142,-0.8,clear
2011-05-19,Thursday,168,2.3,clear
2011-05-20,Friday,160,-2.1,clear
2011-05-21,Saturday,100,-1,cloudy
2011-05-22,Sunday,91,0.3,cloudy
2011-05-23,Monday,171,-0.4,clear
2011-05-24,Tuesday,147,-0.3,clear
2011-05-25,Wednesday,53,1,cloudy
2011-05-26,Thursday,36,-0.2,cloudy
2011-05-27,Friday,159,0.2,cloudy
2011-05-28,Saturday,160,0,clear
2011-05-29,Sunday,171,-0.2,clear
2011-05-30,Monday,15,-1.1,cloudy
2011-05-31,Tuesday,157,0.9,clear
2011-06-01,Wednesday,161,-0.3,clear
2011-06-02,Thursday,141,-0.8,cloudy
2011-06-03,Friday,46,-1.3,cloudy
2011-06-04,Saturday,182,0.7,clear
2011-06-05,Sunday,134,-1.6,cloudy
2011-06-06,Monday,152,-0.2,clear
2011-06-07,Tuesday,171,0.9,clear
2011-06-08,Wednesday,177,-0.5,clear
2011-06-09,Thursday,158,1,clear
2011-06-10,Friday,80,-0.9,cloudy
2011-06-11,Saturday,71,0.7,cloudy
2011-06-12,Sunday,170,-1.6,clear
2011-06-13,Monday,158,-0.4,clear
2011-06-14,Tuesday,143,0.3,cloudy
2011-06-15,Wednesday,86,0.7,cloudy
2011-06-16,Thursday,85,0.8,cloudy
2011-06-17,Friday,186,0.3,clear
2011-06-18,Saturday,2,-1.2,cloudy
2011-06-19,Sunday,116,0.2,cloudy
2011-06-20,Monday,176,-0.7,clear
2011-06-21,Tuesday,53,0,cloudy
2011-06-22,Wednesday,103,0.1,cloudy
2011-06-23,Thursday,157,1.3,clear
2011-06-24,Friday,160,0.6,clear
2011-06-25,Saturday,146,1.5,cloudy
2011-06-26,Sunday,166,-0.8,clear
2011-06-27,Monday,163,2.1,clear
2011-06-28,Tuesday,150,-1.4,clear
2011-06-29,Wednesday,171,2.2,clear
2011-06-30,Thursday,7,-0.5,cloudy
2011-07-01,Friday,163,-2.1,clear
2011-07-02,Saturday,50,0.7,cloudy
2011-07-03,Sunday,87,-0.1,cloudy
2011-07-04,Monday,140,-1.3,clear
2011-07-05,Tuesday,149,-0.5,clear
2011-07-06,Wednesday,81,-0.7,cloudy
2011-07-07,Thursday,187,0.6,clear
2011-07-08,Friday,147,0.7,clear
2011-07-09,Saturday,99,0.4,cloudy
2011-07-10,Sunday,71,0,cloudy
2011-07-11,Monday,29,2.3,cloudy
2011-07-12,Tuesday,140,-2.5,cloudy
2011-07-13,Wednesday,164,-0.3,clear
2011-07-14,Thursday,22,-0.7,cloudy
2011-07-15,Friday,181,0.3,clear
2011-07-16,Saturday,119,2.3,cloudy
2011-07-17,Sunday,139,1.5,cloudy
2011-07-18,Monday,39,1.2,cloudy
2011-07-19,Tuesday,147,-1.9,clear
2011-07-20,Wednesday,52,0.9,cloudy
2011-07-21,Thursday,145,-0.6,clear
2011-07-22,Friday,164,-0.3,clear
2011-07-23,Saturday,167,2.5,clear
2011-07-24,Sunday,42,0.1,cloudy
2011-07-25,Monday,150,-1.1,clear
2011-07-26,Tuesday,148,0.6,clear
2011-07-27,Wednesday,204,-2.3,clear
2011-07-28,Thursday,86,-0.2,cloudy
2011-07-29,Friday,166,0.9,clear
2011-07-30,Saturday,31,0.4,cloudy
2011-07-31,Sunday,100,1,cloudy
2011-08-01,Monday,151,0,clear
2011-08-02,Tuesday,149,-0.6,clear
2011-08-03,Wednesday,51,1.5,cloudy
2011-08-04,Thursday,69,-1.4,cloudy
2011-08-05,Friday,171,0.2,clear
2011-08-06,Saturday,168,0.8,clear
2011-08-07,Sunday,136,0.3,cloudy
2011-08-08,Monday,67,-1.1,cloudy
2011-08-09,Tuesday,50,-0.9,cloudy
2011-08-10,Wednesday,175,-0.7,clear
2011-08-11,Thursday,150,0.1,cloudy
2011-08-12,Friday,36,0.1,cloudy
2011-08-13,Saturday,178,-0.3,clear
2011-08-14,Sunday,175,-1.4,clear
2011-08-15,Monday,165,0.4,clear
2011-08-16,Tuesday,34,1.9,cloudy
2011-08-17,Wednesday,174,-1.5,clear
2011-08-18,Thursday,3,-0.2,cloudy
2011-08-19,Friday,162,0.6,clear
2011-08-20,Saturday,85,0,cloudy
2011-08-21,Sunday,45,-1,cloudy
2011-08-22,Monday,164,1.3,clear
2011-08-23,Tuesday,161,0.3,clear
2011-08-24,Wednesday,146,0.9,clear
2011-08-25,Thursday,161,-0.9,clear
2011-08-26,Friday,182,0.4,clear
2011-08-27,Saturday,32,-2.4,cloudy
2011-08-28,Sunday,157,-0.5,clear
2011-08-29,Monday,107,-1.1,cloudy
2011-08-30,Tuesday,197,0,clear
2011-08-31,Wednesday,52,0.4,cloudy
2011-09-01,Thursday,157,-1,clear
2011-09-02,Friday,172,0.3,clear
2011-09-03,Saturday,185,1.1,clear
2011-09-04,Sunday,40,0.3,cloudy
2011-09-05,Monday,88,-2.3,cloudy
2011-09-06,Tuesday,165,0.4,clear
2011-09-07,Wednesday,148,0.3,clear
2011-09-08,Thursday,192,-0.6,clear
2011-09-09,Friday,183,0.4,clear
2011-09-10,Saturday,169,1.1,clear
2011-09-11,Sunday,38,0.1,cloudy
2011-09-12,Monday,165,-0.5,clear
2011-09-13,Tuesday,161,0.9,clear
2011-09-14,Wednesday,149,0.3,cloudy
2011-09-15,Thursday,68,-0.4,cloudy
2011-09-16,Friday,171,0.6,clear
2011-09-17,Saturday,190,-1.5,clear
2011-09-18,Sunday,105,-0.1,cloudy
2011-09-19,Monday,152,-2,cloudy
2011-09-20,Tuesday,114,-0.3,cloudy
2011-09-21,Wednesday,18,-0.7,cloudy
2011-09-22,Thursday,174,-0.1,clear
2011-09-23,Friday,37,2.1,cloudy
2011-09-24,Saturday,38,0.3,cloudy
2011-09-25,Sunday,121,-1,cloudy
2011-09-26,Monday,92,-0.4,cloudy
2011-09-27,Tuesday,182,0.1,clear
2011-09-28,Wednesday,184,-0.8,clear
2011-09-29,Thursday,45,0,cloudy
2011-09-30,Friday,77,1.4,cloudy
2011-10-01,Saturday,153,-0.7,cloudy
2011-10-02,Sunday,180,0.8,clear
2011-10-03,Monday,153,0.7,clear
2011-10-04,Tuesday,9,-1.6,cloudy
2011-10-05,Wednesday,110,-0.2,cloudy
2011-10-06,Thursday,158,-0.5,clear
2011-10-07,Friday,167,-3,clear
2011-10-08,Saturday,121,0.9,cloudy
2011-10-09,Sunday,157,0.2,clear
2011-10-10,Monday,177,0.3,clear
2011-10-11,Tuesday,109,0.3,cloudy
2011-10-12,Wednesday,188,0.1,clear
2011-10-13,Thursday,6,1.3,cloudy
2011-10-14,Friday,107,1.3,cloudy
2011-10-15,Saturday,165,1,clear
2011-10-16,Sunday,158,-1,clear
2011-10-17,Monday,159,-0.1,clear
2011-10-18,Tuesday,156,1,cloudy
2011-10-19,Wednesday,185,-0.4,clear
2011-10-20,Thursday,56,1.8,cloudy
2011-10-21,Friday,152,-0.2,clear
2011-10-22,Saturday,174,0.2,clear
2011-10-23,Sunday,164,0,cloudy
2011-10-24,Monday,101,-0.1,cloudy
2011-10-25,Tuesday,156,-0.9,cloudy
2011-10-26,Wednesday,191,-0.3,clear
2011-10-27,Thursday,162,-0.4,clear
2011-10-28,Friday,177,0.8,clear
2011-10-29,Saturday,166,2.1,clear
2011-10-30,Sunday,172,-0.7,clear
2011-10-31,Monday,145,0.6,clear
2011-11-01,Tuesday,161,-0.1,clear
2011-11-02,Wednesday,106,-0.4,cloudy
2011-11-03,Thursday,170,-1.2,clear
2011-11-04,Friday,162,1.3,clear
2011-11-05,Saturday,197,-1.8,clear
2011-11-06,Sunday,196,0.8,clear
2011-11-07,Monday,61,0.8,cloudy
2011-11-08,Tuesday,15,0.5,cloudy
2011-11-09,Wednesday,27,-0.9,cloudy
2011-11-10,Thursday,17,0.3,cloudy
2011-11-11,Friday,156,0.8,clear
2011-11-12,Saturday,61,-0.2,cloudy
2011-11-13,Sunday,2,0.5,cloudy
2011-11-14,Monday,14,2.5,cloudy
2011-11-15,Tuesday,156,0.2,clear
2011-11-16,Wednesday,178,-0.3,clear
2011-11-17,Thursday,193,0.2,clear
2011-11-18,Friday,184,-0.2,clear
2011-11-19,Saturday,45,-1.7,cloudy
2011-11-20,Sunday,157,-0.9,clear
2011-11-21,Monday,101,0.1,cloudy
2011-11-22,Tuesday,172,-2.2,clear
2011-11-23,Wednesday,161,-0.3,clear
2011-11-24,Thursday,111,-1.5,cloudy
2011-11-25,Friday,121,-0.2,cloudy
2011-11-26,Saturday,173,-0.3,clear
2011-11-27,Sunday,185,-1.3,clear
2011-11-28,Monday,161,0.1,clear
2011-11-29,Tuesday,53,1.2,cloudy
2011-11-30,Wednesday,63,1.2,cloudy
2011-12-01,Thursday,176,0,cloudy
2011-12-02,Friday,124,-0.2,cloudy
2011-12-03,Saturday,150,-0.4,cloudy
2011-12-04,Sunday,190,1.3,clear
2011-12-05,Monday,163,-1.5,clear
2011-12-06,Tuesday,57,0.1,cloudy
2011-12-07,Wednesday,168,1.5,clear
2011-12-08,Thursday,78,0,cloudy
2011-12-09,Friday,71,-0.1,cloudy
2011-12-10,Saturday,146,-0.6,cloudy
2011-12-11,Sunday,171,-0.9,clear
2011-12-12,Monday,164,0,clear
2011-12-13,Tuesday,53,1,cloudy
2011-12-14,Wednesday,174,1.8,clear
2011-12-15,Thursday,20,0.4,cloudy
2011-12-16,Friday,53,-1.1,cloudy
2011-12-17,Saturday,41,-0.4,cloudy
2011-12-18,Sunday,111,-0.9,cloudy
2011-12-19,Monday,34,-0.5,cloudy
2011-12-20,Tuesday,153,0.9,clear
2011-12-21,Wednesday,163,0,clear
2011-12-22,Thursday,193,-0.6,clear
2011-12-23,Friday,43,-0.5,cloudy
2011-12-24,Saturday,183,0.4,clear
2011-12-25,Sunday,174,-0.4,clear
2011-12-26,Monday,167,0.4,clear
2011-12-27,Tuesday,148,1.7,clear
2011-12-28,Wednesday,171,0.5,clear
2011-12-29,Thursday,113,-0.8,cloudy
2011-12-30,Friday,131,-0.9,cloudy
2011-12-31,Saturday,225,-0.9,clear
2012-01-01,Sunday,103,-0.2,cloudy
2012-01-02,Monday,57,-1.4,cloudy
2012-01-03,Tuesday,177,0.4,clear
2012-01-04,Wednesday,158,-0.4,clear
2012-01-05,Thursday,33,-0.2,cloudy
2012-01-06,Friday,160,-0.1,clear
2012-01-07,Saturday,0,-1.7,cloudy
2012-01-08,Sunday,158,-0.8,clear
2012-01-09,Monday,193,0,clear
2012-01-10,Tuesday,153,-0.3,cloudy
2012-01-11,Wednesday,179,-1.9,clear
2012-01-12,Thursday,171,0.5,clear
2012-01-13,Friday,156,0.7,clear
2012-01-14,Saturday,177,0.5,clear
2012-01-15,Sunday,144,-1.1,cloudy
2012-01-16,Monday,32,0.8,cloudy
2012-01-17,Tuesday,215,0,clear
2012-01-18,Wednesday,153,0.6,cloudy
2012-01-19,Thursday,176,0.6,clear
2012-01-20,Friday,131,2.1,cloudy
2012-01-21,Saturday,161,0.3,clear
2012-01-22,Sunday,174,1.3,clear
2012-01-23,Monday,72,1.4,cloudy
2012-01-24,Tuesday,179,0.3,clear
2012-01-25,Wednesday,153,0.4,clear
2012-01-26,Thursday,14,-0.2,cloudy
2012-01-27,Friday,106,-1.9,cloudy
2012-01-28,Saturday,117,-0.1,cloudy
2012-01-29,Sunday,161,0.6,clear
2012-01-30,Monday,90,0.6,cloudy
2012-01-31,Tuesday,55,1.2,cloudy
2012-02-01,Wednesday,159,-0.7,clear
2012-02-02,Thursday,106,0,cloudy
2012-02-03,Friday,172,-0.6,clear
2012-02-04,Saturday,83,-0.7,cloudy
2012-02-05,Sunday,154,-0.2,clear
2012-02-06,Monday,11,-2,cloudy
2012-02-07,Tuesday,168,-0.5,clear
2012-02-08,Wednesday,160,1.5,cloudy
2012-02-09,Thursday,9,-0.3,cloudy
2012-02-10,Friday,130,-0.2,cloudy
2012-02-11,Saturday,211,0.8,clear
2012-02-12,Sunday,30,0.6,cloudy
2012-02-13,Monday,148,-0.8,clear
2012-02-14,Tuesday,106,0.2,cloudy
2012-02-15,Wednesday,161,-0.8,clear
2012-02-16,Thursday,169,1.3,clear
2012-02-17,Friday,137,-1.4,cloudy
2012-02-18,Saturday,171,-2,clear
2012-02-19,Sunday,195,0.8,clear
2012-02-20,Monday,135,0.1,cloudy
2012-02-21,Tuesday,37,0,cloudy
2012-02-22,Wednesday,168,-0.3,clear
2012-02-23,Thursday,36,0.9,cloudy
2012-02-24,Friday,165,1.4,clear
2012-02-25,Saturday,19,0,cloudy
2012-02-26,Sunday,163,-0.3,clear
2012-02-27,Monday,24,-0.9,cloudy
2012-02-28,Tuesday,111,-1.4,cloudy
2012-02-29,Wednesday,159,0.3,clear
2012-03-01,Thursday,177,-1,clear
2012-03-02,Friday,160,-1.2,clear
2012-03-03,Saturday,142,-0.1,cloudy
2012-03-04,Sunday,5,1,cloudy
2012-03-05,Monday,3,0,cloudy
2012-03-06,Tuesday,117,-0.2,cloudy
2012-03-07,Wednesday,150,0.6,cloudy
2012-03-08,Thursday,157,-0.5,clear
2012-03-09,Friday,57,-1.2,cloudy
2012-03-10,Saturday,165,-0.4,clear
2012-03-11,Sunday,168,0.2,clear
2012-03-12,Monday,190,-2.1,clear
2012-03-13,Tuesday,155,-0.3,clear
2012-03-14,Wednesday,10,1.9,cloudy
2012-03-15,Thursday,159,-0.2,clear
2012-03-16,Friday,177,-0.1,clear
2012-03-17,Saturday,183,0.1,clear
2012-03-18,Sunday,171,-1.8,clear
2012-03-19,Monday,171,0.5,clear
2012-03-20,Tuesday,168,-0.8,clear
2012-03-21,Wednesday,141,1.6,cloudy
2012-03-22,Thursday,162,1.4,cloudy
2012-03-23,Friday,166,-0.7,clear
2012-03-24,Saturday,148,-0.6,cloudy
2012-03-25,Sunday,31,-0.4,cloudy
2012-03-26,Monday,130,1.7,cloudy
2012-03-27,Tuesday,105,0.5,cloudy
2012-03-28,Wednesday,137,-1.9,cloudy
2012-03-29,Thursday,30,0,cloudy
2012-03-30,Friday,149,-0.3,clear
2012-03-31,Saturday,169,-0.7,clear
2012-04-01,Sunday,81,-0.5,cloudy
2012-04-02,Monday,185,0.9,clear
2012-04-03,Tuesday,27,-0.1,cloudy
2012-04-04,Wednesday,153,0.4,clear
2012-04-05,Thursday,78,1.2,cloudy
2012-04-06,Friday,97,-0.3,cloudy
2012-04-07,Saturday,163,-1.1,cloudy
2012-04-08,Sunday,179,1.5,clear
2012-04-09,Monday,164,-0.2,clear
2012-04-10,Tuesday,113,0,cloudy
2012-04-11,Wednesday,147,-0.6,clear
2012-04-12,Thursday,183,-1.1,clear
2012-04-13,Friday,165,-1.1,clear
2012-04-14,Saturday,175,2,clear
2012-04-15,Sunday,198,0.6,clear
2012-04-16,Monday,165,1.5,clear
2012-04-17,Tuesday,165,-0.7,clear
2012-04-18,Wednesday,33,0.2,cloudy
2012-04-19,Thursday,162,0.3,clear
2012-04-20,Friday,2,-0.4,cloudy
2012-04-21,Saturday,166,0.6,clear
2012-04-22,Sunday,140,1.4,cloudy
2012-04-23,Monday,160,1.1,clear
2012-04-24,Tuesday,165,-0.1,clear
2012-04-25,Wednesday,191,0.1,clear
2012-04-26,Thursday,156,0.8,clear
2012-04-27,Friday,36,0,cloudy
2012-04-28,Saturday,151,-0.7,clear
2012-04-29,Sunday,155,-0.3,clear
2012-04-30,Monday,170,-1.2,clear
2012-05-01,Tuesday,169,0.3,clear
2012-05-02,Wednesday,158,-1.2,clear
2012-05-03,Thursday,31,-0.6,cloudy
2012-05-04,Friday,2,1.7,cloudy
2012-05-05,Saturday,90,1.5,cloudy
2012-05-06,Sunday,191,-0.8,clear
2012-05-07,Monday,84,0.2,cloudy
2012-05-08,Tuesday,150,0.3,clear
2012-05-09,Wednesday,170,-0.9,clear
2012-05-10,Thursday,134,-0.5,cloudy
2012-05-11,Friday,202,-0.2,clear
2012-05-12,Saturday,94,-1,cloudy
2012-05-13,Sunday,180,-1.2,clear
2012-05-14,Monday,110,0.5,cloudy
2012-05-15,Tuesday,163,0.7,clear
2012-05-16,Wednesday,180,-1,clear
2012-05-17,Thursday,162,-0.4,clear
2012-05-18,Friday,165,-0.6,clear
2012-05-19,Saturday,184,-1.8,clear
2012-05-20,Sunday,139,0.4,cloudy
2012-05-21,Monday,34,0.1,cloudy
2012-05-22,Tuesday,165,-0.6,clear
2012-05-23,Wednesday,153,0.3,clear
2012-05-24,Thursday,158,0.5,clear
2012-05-25,Friday,177,1,clear
2012-05-26,Saturday,155,-0.5,cloudy
2012-05-27,Sunday,178,0.2,clear
2012-05-28,Monday,153,-0.8,clear
2012-05-29,Tuesday,202,-1.4,clear
2012-05-30,Wednesday,65,1.6,cloudy
2012-05-31,Thursday,171,0.4,clear
2012-06-01,Friday,91,0.9,cloudy
2012-06-02,Saturday,171,-0.8,clear
2012-06-03,Sunday,74,-1.7,cloudy
2012-06-04,Monday,192,0.4,cloudy
2012-06-05,Tuesday,157,1.1,clear
2012-06-06,Wednesday,73,-1.3,cloudy
2012-06-07,Thursday,168,1,clear
2012-06-08,Friday,163,1.2,clear
2012-06-09,Saturday,200,-1.3,clear
2012-06-10,Sunday,147,1.9,cloudy
2012-06-11,Monday,153,-1.4,cloudy
2012-06-12,Tuesday,25,-0.1,cloudy
2012-06-13,Wednesday,98,0,cloudy
2012-06-14,Thursday,61,2,cloudy
2012-06-15,Friday,160,-0.5,clear
2012-06-16,Saturday,190,0.4,clear
2012-06-17,Sunday,154,2.4,clear
2012-06-18,Monday,122,-1.9,cloudy
2012-06-19,Tuesday,159,0.2,clear
2012-06-20,Wednesday,182,-0.1,clear
2012-06-21,Thursday,24,0.1,cloudy
2012-06-22,Friday,173,-0.2,clear
2012-06-23,Saturday,158,-0.3,clear
2012-06-24,Sunday,182,0.8,clear
2012-06-25,Monday,164,-1.4,clear
2012-06-26,Tuesday,163,0.5,clear
2012-06-27,Wednesday,139,-1.2,cloudy
2012-06-28,Thursday,175,-0.7,clear
2012-06-29,Friday,165,0.1,clear
2012-06-30,Saturday,132,-0.9,cloudy
2012-07-01,Sunday,121,-0.7,cloudy
2012-07-02,Monday,180,0.3,clear
2012-07-03,Tuesday,167,1.5,clear
2012-07-04,Wednesday,164,0.7,clear
2012-07-05,Thursday,173,0.6,clear
2012-07-06,Friday,184,1,clear
2012-07-07,Saturday,219,1.7,clear
2012-07-08,Sunday,20,-1.5,cloudy
2012-07-09,Monday,171,-0.3,clear
2012-07-10,Tuesday,151,2.7,clear
2012-07-11,Wednesday,162,1.2,clear
2012-07-12,Thursday,150,0.1,clear
2012-07-13,Friday,165,0.6,clear
2012-07-14,Saturday,32,-0.7,cloudy
2012-07-15,Sunday,150,-0.6,cloudy
2012-07-16,Monday,152,-0.1,clear
2012-07-17,Tuesday,78,1.6,cloudy
2012-07-18,Wednesday,37,0.3,cloudy
2012-07-19,Thursday,174,0.8,clear
2012-07-20,Friday,151,-0.8,clear
2012-07-21,Saturday,43,-0.3,cloudy
2012-07-22,Sunday,171,-1.7,clear
2012-07-23,Monday,143,1.2,cloudy
2012-07-24,Tuesday,181,-0.2,clear
2012-07-25,Wednesday,144,-0.3,clear
2012-07-26,Thursday,193,-1.2,clear
2012-07-27,Friday,163,0.1,cloudy
2012-07-28,Saturday,152,1.9,clear
2012-07-29,Sunday,188,1,clear
2012-07-30,Monday,112,-0.7,cloudy
2012-07-31,Tuesday,181,1.6,clear
2012-08-01,Wednesday,147,0.3,clear
2012-08-02,Thursday,50,0.5,cloudy
2012-08-03,Friday,23,0.7,cloudy
2012-08-04,Saturday,76,0.1,cloudy
2012-08-05,Sunday,18,1.2,cloudy
2012-08-06,Monday,68,0.2,cloudy
2012-08-07,Tuesday,121,0.7,cloudy
2012-08-08,Wednesday,166,0.5,clear
2012-08-09,Thursday,164,1.2,clear
2012-08-10,Friday,182,-1,clear
2012-08-11,Saturday,185,-0.9,clear
2012-08-12,Sunday,16,0.2,cloudy
2012-08-13,Monday,178,-1.1,clear
2012-08-14,Tuesday,160,-1.6,clear
2012-08-15,Wednesday,152,0.7,clear
2012-08-16,Thursday,157,0.3,cloudy
2012-08-17,Friday,153,-0.3,clear
2012-08-18,Saturday,116,0,cloudy
2012-08-19,Sunday,177,1.1,clear
2012-08-20,Monday,165,-0.9,clear
2012-08-21,Tuesday,170,0.1,cloudy
2012-08-22,Wednesday,41,-0.9,cloudy
2012-08-23,Thursday,152,0.2,clear
2012-08-24,Friday,197,4.3,clear
2012-08-25,Saturday,140,0.2,cloudy
2012-08-26,Sunday,149,-0.7,cloudy
2012-08-27,Monday,150,-0.9,clear
2012-08-28,Tuesday,188,2.7,clear
2012-08-29,Wednesday,159,-0.4,clear
2012-08-30,Thursday,41,-0.9,cloudy
2012-08-31,Friday,137,-0.8,cloudy
2012-09-01,Saturday,173,-1.2,clear
2012-09-02,Sunday,171,1.1,clear
2012-09-03,Monday,98,1.9,cloudy
2012-09-04,Tuesday,159,1.3,clear
2012-09-05,Wednesday,174,-0.2,clear
2012-09-06,Thursday,68,-0.5,cloudy
2012-09-07,Friday,8,0.1,cloudy
2012-09-08,Saturday,186,-0.1,clear
2012-09-09,Sunday,115,-1.1,cloudy
2012-09-10,Monday,206,0.6,clear
2012-09-11,Tuesday,178,2.2,clear
2012-09-12,Wednesday,162,-0.3,cloudy
2012-09-13,Thursday,174,-2.1,clear
2012-09-14,Friday,98,0,cloudy
2012-09-15,Saturday,180,0.5,clear
2012-09-16,Sunday,169,1.1,clear
2012-09-17,Monday,174,0.7,clear
2012-09-18,Tuesday,173,1.3,clear
2012-09-19,Wednesday,173,0.7,clear
2012-09-20,Thursday,170,0.8,clear
2012-09-21,Friday,162,-0.1,clear
2012-09-22,Saturday,177,-1.1,clear
2012-09-23,Sunday,65,2.6,cloudy
2012-09-24,Monday,167,1.5,clear
2012-09-25,Tuesday,77,-1.5,cloudy
2012-09-26,Wednesday,39,-0.3,cloudy
2012-09-27,Thursday,158,0.7,cloudy
2012-09-28,Friday,200,0.8,clear
2012-09-29,Saturday,155,0.9,clear
2012-09-30,Sunday,180,0.9,cloudy
2012-10-01,Monday,160,-0.9,clear
2012-10-02,Tuesday,155,0.2,clear
2012-10-03,Wednesday,162,-1.3,clear
2012-10-04,Thursday,3,0.1,cloudy
2012-10-05,Friday,164,0.1,clear
2012-10-06,Saturday,66,-0.7,cloudy
2012-10-07,Sunday,168,2.2,clear
2012-10-08,Monday,170,0,clear
2012-10-09,Tuesday,116,-0.6,cloudy
2012-10-10,Wednesday,168,-1,clear
2012-10-11,Thursday,72,1,cloudy
2012-10-12,Friday,82,0.5,cloudy
2012-10-13,Saturday,179,0.1,clear
2012-10-14,Sunday,165,1,clear
2012-10-15,Monday,177,-1.7,clear
2012-10-16,Tuesday,143,0.4,clear
2012-10-17,Wednesday,126,1.5,cloudy
2012-10-18,Thursday,141,-0.5,cloudy
2012-10-19,Friday,108,2.2,cloudy
2012-10-20,Saturday,141,-0.5,cloudy
2012-10-21,Sunday,140,-0.5,cloudy
2012-10-22,Monday,101,2.7,cloudy
2012-10-23,Tuesday,149,0.7,clear
2012-10-24,Wednesday,67,-0.8,cloudy
2012-10-25,Thursday,72,1.4,cloudy
2012-10-26,Friday,171,0.2,clear
2012-10-27,Saturday,159,1.8,clear
2012-10-28,Sunday,155,0.3,clear
2012-10-29,Monday,185,1,clear
2012-10-30,Tuesday,109,-1.7,cloudy
2012-10-31,Wednesday,161,0,clear
2012-11-01,Thursday,121,0,cloudy
2012-11-02,Friday,143,1,clear
2012-11-03,Saturday,168,2.2,clear
2012-11-04,Sunday,62,0.3,cloudy
2012-11-05,Monday,191,1.5,clear
2012-11-06,Tuesday,155,-0.7,clear
2012-11-07,Wednesday,180,0.3,clear
2012-11-08,Thursday,169,0.6,clear
2012-11-09,Friday,182,2.1,clear
2012-11-10,Saturday,168,0.2,clear
2012-11-11,Sunday,165,1.4,clear
2012-11-12,Monday,223,0.1,clear
2012-11-13,Tuesday,166,-0.9,clear
2012-11-14,Wednesday,174,1.7,cloudy
2012-11-15,Thursday,173,-0.3,clear
2012-11-16,Friday,83,0.7,cloudy
2012-11-17,Saturday,163,-1.6,cloudy
2012-11-18,Sunday,149,0.2,clear
2012-11-19,Monday,182,-1,clear
2012-11-20,Tuesday,148,-0.1,cloudy
2012-11-21,Wednesday,108,0.6,cloudy
2012-11-22,Thursday,99,-1.3,cloudy
2012-11-23,Friday,183,-1.7,clear
2012-11-24,Saturday,162,1.1,clear
2012-11-25,Sunday,80,0.6,cloudy
2012-11-26,Monday,174,0.7,clear
2012-11-27,Tuesday,210,-1.4,cloudy
2012-11-28,Wednesday,153,-2.1,clear
2012-11-29,Thursday,181,0.3,clear
2012-11-30,Friday,140,-0.6,cloudy
2012-12-01,Saturday,168,0.1,clear
2012-12-02,Sunday,189,-0.4,clear
2012-12-03,Monday,187,1.3,clear
2012-12-04,Tuesday,159,-0.6,clear
2012-12-05,Wednesday,167,-1.3,clear
2012-12-06,Thursday,191,-0.1,clear
2012-12-07,Friday,161,-0.7,clear
2012-12-08,Saturday,160,-0.1,clear
2012-12-09,Sunday,17,0.3,cloudy
2012-12-10,Monday,61,0.1,cloudy
2012-12-11,Tuesday,35,0.3,cloudy
2012-12-12,Wednesday,158,0.2,clear
2012-12-13,Thursday,61,-0.7,cloudy
2012-12-14,Friday,47,0.9,cloudy
2012-12-15,Saturday,174,-1.1,clear
2012-12-16,Sunday,158,-1.3,cloudy
2012-12-17,Monday,172,-0.3,clear
2012-12-18,Tuesday,160,0.2,clear
2012-12-19,Wednesday,168,0.7,clear
2012-12-20,Thursday,98,1.5,cloudy
2012-12-21,Friday,168,-0.4,clear
2012-12-22,Saturday,173,-0.1,clear
2012-12-23,Sunday,164,0.3,clear
2012-12-24,Monday,188,0.3,clear
2012-12-25,Tuesday,95,-0.1,cloudy
2012-12-26,Wednesday,62,0,cloudy
2012-12-27,Thursday,114,0.6,cloudy
2012-12-28,Friday,211,1.4,clear
2012-12-29,Saturday,166,-0.7,clear
2012-12-30,Sunday,100,0.2,cloudy
2012-12-31,Monday,150,2,clear
2013-01-01,Tuesday,54,0.2,cloudy
2013-01-02,Wednesday,156,3.1,clear
2013-01-03,Thursday,92,-1.2,cloudy
2013-01-04,Friday,125,1.1,cloudy
2013-01-05,Saturday,152,0.5,clear
2013-01-06,Sunday,156,0.2,clear
2013-01-07,Monday,70,1.3,cloudy
2013-01-08,Tuesday,111,0,cloudy
2013-01-09,Wednesday,57,-0.9,cloudy
2013-01-10,Thursday,33,-0.3,cloudy
2013-01-11,Friday,153,0.5,clear
2013-01-12,Saturday,156,0.1,clear
2013-01-13,Sunday,91,-1.4,cloudy
2013-01-14,Monday,165,-1,clear
2013-01-15,Tuesday,142,0.8,cloudy
2013-01-16,Wednesday,146,-2.3,clear
2013-01-17,Thursday,159,0.4,clear
2013-01-18,Friday,170,-0.1,clear
2013-01-19,Saturday,95,-1.6,cloudy
2013-01-20,Sunday,160,-0.9,clear
2013-01-21,Monday,158,0.2,clear
2013-01-22,Tuesday,110,-0.5,cloudy
2013-01-23,Wednesday,28,0.2,cloudy
2013-01-24,Thursday,163,-0.6,clear
2013-01-25,Friday,148,0.3,clear
2013-01-26,Saturday,174,1.4,clear
2013-01-27,Sunday,169,-0.1,clear
2013-01-28,Monday,56,-0.1,cloudy
2013-01-29,Tuesday,153,0.8,clear
2013-01-30,Wednesday,61,-0.8,cloudy
2013-01-31,Thursday,97,-0.1,cloudy
2013-02-01,Friday,91,-1.2,cloudy
2013-02-02,Saturday,199,-1.2,clear
2013-02-03,Sunday,172,-0.6,clear
2013-02-04,Monday,174,-1.7,clear
2013-02-05,Tuesday,144,1.7,clear
2013-02-06,Wednesday,156,-0.9,clear
2013-02-07,Thursday,55,0.4,cloudy
2013-02-08,Friday,80,-1,cloudy
2013-02-09,Saturday,171,-1.2,clear
2013-02-10,Sunday,169,0.2,clear
2013-02-11,Monday,150,2.1,cloudy
2013-02-12,Tuesday,87,1,cloudy
2013-02-13,Wednesday,163,-0.3,clear
2013-02-14,Thursday,75,-0.3,cloudy
2013-02-15,Friday,33,0.2,cloudy
2013-02-16,Saturday,127,0,cloudy
2013-02-17,Sunday,9,-0.2,cloudy
2013-02-18,Monday,49,-0.6,cloudy
2013-02-19,Tuesday,7,-0.8,cloudy
2013-02-20,Wednesday,3,1.5,cloudy
2013-02-21,Thursday,154,0.4,clear
2013-02-22,Friday,126,-2.1,cloudy
2013-02-23,Saturday,161,0.5,clear
2013-02-24,Sunday,89,1.2,cloudy
2013-02-25,Monday,193,-1.8,clear
2013-02-26,Tuesday,147,-0.4,clear
2013-02-27,Wednesday,6,-1,cloudy
2013-02-28,Thursday,103,-0.8,cloudy
2013-03-01,Friday,182,0.4,clear
2013-03-02,Saturday,181,0.9,clear
2013-03-03,Sunday,173,1.3,clear
2013-03-04,Monday,185,0.1,clear
2013-03-05,Tuesday,151,2,clear
2013-03-06,Wednesday,160,2.3,clear
2013-03-07,Thursday,106,1.1,cloudy
2013-03-08,Friday,163,-0.9,clear
2013-03-09,Saturday,185,0.6,clear
2013-03-10,Sunday,44,0.3,cloudy
2013-03-11,Monday,151,-0.2,clear
2013-03-12,Tuesday,156,1.9,clear
2013-03-13,Wednesday,162,1.5,clear
2013-03-14,Thursday,161,-0.3,clear
2013-03-15,Friday,156,-0.3,clear
2013-03-16,Saturday,211,-0.7,clear
2013-03-17,Sunday,153,0.6,clear
2013-03-18,Monday,165,0.3,clear
2013-03-19,Tuesday,21,-0.1,cloudy
2013-03-20,Wednesday,11,-0.9,cloudy
2013-03-21,Thursday,104,0.5,cloudy
2013-03-22,Friday,83,1,cloudy
2013-03-23,Saturday,172,-1.7,clear
2013-03-24,Sunday,145,1.5,cloudy
2013-03-25,Monday,108,0.9,cloudy
2013-03-26,Tuesday,40,1,cloudy
2013-03-27,Wednesday,29,0.9,cloudy
2013-03-28,Thursday,76,-1.4,cloudy
2013-03-29,Friday,157,-1.1,clear
2013-03-30,Saturday,146,-3.2,clear
2013-03-31,Sunday,167,-1.1,clear
2013-04-01,Monday,153,-0.2,clear
2013-04-02,Tuesday,152,1.1,clear
2013-04-03,Wednesday,64,0.9,cloudy
2013-04-04,Thursday,147,-0.1,clear
2013-04-05,Friday,162,1.3,clear
2013-04-06,Saturday,166,0.2,clear
2013-04-07,Sunday,152,-0.9,clear
2013-04-08,Monday,92,0.1,cloudy
2013-04-09,Tuesday,147,-0.1,clear
2013-04-10,Wednesday,159,1.4,clear
2013-04-11,Thursday,67,-0.6,cloudy
2013-04-12,Friday,159,2.2,clear
2013-04-13,Saturday,167,-0.2,clear
2013-04-14,Sunday,45,1.4,cloudy
2013-04-15,Monday,125,0,cloudy
2013-04-16,Tuesday,97,0,cloudy
2013-04-17,Wednesday,195,-2,clear
2013-04-18,Thursday,154,0.1,clear
2013-04-19,Friday,175,0,clear
2013-04-20,Saturday,55,0.6,cloudy
2013-04-21,Sunday,85,-0.1,cloudy
2013-04-22,Monday,18,-1.7,cloudy
2013-04-23,Tuesday,23,-0.9,cloudy
2013-04-24,Wednesday,161,-0.2,clear
2013-04-25,Thursday,136,-0.9,clear
2013-04-26,Friday,152,1.2,clear
2013-04-27,Saturday,26,-0.4,cloudy
2013-04-28,Sunday,176,0.5,clear
2013-04-29,Monday,108,-0.6,cloudy
2013-04-30,Tuesday,71,1.8,cloudy
2013-05-01,Wednesday,152,0.1,clear
2013-05-02,Thursday,141,-0.4,clear
2013-05-03,Friday,190,-1.2,clear
2013-05-04,Saturday,44,0,cloudy
2013-05-05,Sunday,119,-1.3,cloudy
2013-05-06,Monday,192,-1.6,clear
2013-05-07,Tuesday,154,-0.2,clear
2013-05-08,Wednesday,138,0.2,cloudy
2013-05-09,Thursday,26,1.9,cloudy
2013-05-10,Friday,26,0.4,cloudy
2013-05-11,Saturday,82,0.5,cloudy
2013-05-12,Sunday,168,-0.4,clear
2013-05-13,Monday,103,0.7,cloudy
2013-05-14,Tuesday,160,3.2,clear
2013-05-15,Wednesday,64,1.8,cloudy
2013-05-16,Thursday,154,0.1,clear
2013-05-17,Friday,123,0.3,cloudy
2013-05-18,Saturday,13,0.3,cloudy
2013-05-19,Sunday,149,0.5,clear
2013-05-20,Monday,147,-0.5,clear
2013-05-21,Tuesday,0,2,cloudy
2013-05-22,Wednesday,145,0.4,clear
2013-05-23,Thursday,156,-2.3,cloudy
2013-05-24,Friday,162,1.9,clear
2013-05-25,Saturday,190,0.4,clear
2013-05-26,Sunday,158,0.3,clear
2013-05-27,Monday,104,-0.3,cloudy
2013-05-28,Tuesday,46,0.1,cloudy
2013-05-29,Wednesday,65,1.4,cloudy
2013-05-30,Thursday,166,-0.7,clear
2013-05-31,Friday,154,0.3,clear
2013-06-01,Saturday,186,0.4,cloudy
2013-06-02,Sunday,103,-0.4,cloudy
2013-06-03,Monday,161,0.4,clear
2013-06-04,Tuesday,195,-1.3,clear
2013-06-05,Wednesday,112,0.6,cloudy
2013-06-06,Thursday,166,0.2,clear
2013-06-07,Friday,106,-1,cloudy
2013-06-08,Saturday,91,0.6,cloudy
2013-06-09,Sunday,171,0.6,clear
2013-06-10,Monday,154,1.5,clear
2013-06-11,Tuesday,70,0.2,cloudy
2013-06-12,Wednesday,70,-0.9,cloudy
2013-06-13,Thursday,178,-0.7,clear
2013-06-14,Friday,142,0.4,clear
2013-06-15,Saturday,13,1,cloudy
2013-06-16,Sunday,161,-1.2,clear
2013-06-17,Monday,186,0.6,clear
2013-06-18,Tuesday,150,-0.2,clear
2013-06-19,Wednesday,153,1.5,clear
2013-06-20,Thursday,96,0,cloudy
2013-06-21,Friday,142,-0.2,clear
2013-06-22,Saturday,146,0.6,clear
2013-06-23,Sunday,97,0.3,cloudy
2013-06-24,Monday,24,1.6,cloudy
2013-06-25,Tuesday,159,-0.2,clear
2013-06-26,Wednesday,10,0.3,cloudy
2013-06-27,Thursday,158,0.7,clear
2013-06-28,Friday,152,1.7,clear
2013-06-29,Saturday,179,-0.5,clear
2013-06-30,Sunday,144,-1.6,clear
2013-07-01,Monday,153,1.4,clear
2013-07-02,Tuesday,114,1.2,cloudy
2013-07-03,Wednesday,79,-0.8,cloudy
2013-07-04,Thursday,157,0.2,clear
2013-07-05,Friday,149,-0.5,clear
2013-07-06,Saturday,151,-0.7,clear
2013-07-07,Sunday,70,0,cloudy
2013-07-08,Monday,63,0,cloudy
2013-07-09,Tuesday,155,0.4,clear
2013-07-10,Wednesday,150,0.3,clear
2013-07-11,Thursday,144,0.2,clear
2013-07-12,Friday,25,-0.8,cloudy
2013-07-13,Saturday,123,1.4,cloudy
2013-07-14,Sunday,113,-1.5,cloudy
2013-07-15,Monday,142,0.6,clear
2013-07-16,Tuesday,177,-0.1,cloudy
2013-07-17,Wednesday,23,1.6,cloudy
2013-07-18,Thursday,39,1.2,cloudy
2013-07-19,Friday,83,1.1,cloudy
2013-07-20,Saturday,168,-1.6,clear
2013-07-21,Sunday,147,-0.6,clear
2013-07-22,Monday,131,-2.2,cloudy
2013-07-23,Tuesday,105,0.6,cloudy
2013-07-24,Wednesday,23,-0.5,cloudy
2013-07-25,Thursday,166,0.3,clear
2013-07-26,Friday,21,0.9,cloudy
2013-07-27,Saturday,161,0.1,clear
2013-07-28,Sunday,120,-0.9,cloudy
2013-07-29,Monday,86,-2.1,cloudy
2013-07-30,Tuesday,156,-1.4,clear
2013-07-31,Wednesday,143,0.3,clear
2013-08-01,Thursday,162,-0.2,clear
2013-08-02,Friday,155,-1.6,clear
2013-08-03,Saturday,84,-0.7,cloudy
2013-08-04,Sunday,9,0.5,cloudy
2013-08-05,Monday,146,0.2,clear
2013-08-06,Tuesday,121,1.7,cloudy
2013-08-07,Wednesday,140,-0.3,clear
2013-08-08,Thursday,152,-2.4,clear
2013-08-09,Friday,156,-0.1,clear
2013-08-10,Saturday,18,-0.3,cloudy
2013-08-11,Sunday,145,0.3,clear
2013-08-12,Monday,167,0,clear
2013-08-13,Tuesday,125,0.9,cloudy
2013-08-14,Wednesday,153,-1,clear
2013-08-15,Thursday,3,-0.3,cloudy
2013-08-16,Friday,156,1.4,clear
2013-08-17,Saturday,172,-0.1,cloudy
2013-08-18,Sunday,120,0.4,cloudy
2013-08-19,Monday,35,-0.8,cloudy
2013-08-20,Tuesday,115,-0.6,cloudy
2013-08-21,Wednesday,33,-1.7,cloudy
2013-08-22,Thursday,181,0.8,clear
2013-08-23,Friday,133,0.9,cloudy
2013-08-24,Saturday,88,-1.1,cloudy
2013-08-25,Sunday,165,0.9,clear
2013-08-26,Monday,136,-1.9,clear
2013-08-27,Tuesday,178,-1.3,clear
2013-08-28,Wednesday,143,0.6,clear
2013-08-29,Thursday,155,-0.3,clear
2013-08-30,Friday,11,-0.1,cloudy
2013-08-31,Saturday,102,-2.5,cloudy
2013-09-01,Sunday,144,0.1,clear
2013-09-02,Monday,63,1.6,cloudy
2013-09-03,Tuesday,140,-0.8,cloudy
2013-09-04,Wednesday,130,0.2,cloudy
2013-09-05,Thursday,172,0.1,clear
2013-09-06,Friday,169,0.1,clear
2013-09-07,Saturday,160,-0.2,clear
2013-09-08,Sunday,77,3,cloudy
2013-09-09,Monday,160,-1,clear
2013-09-10,Tuesday,188,0.7,clear
2013-09-11,Wednesday,18,0.4,cloudy
2013-09-12,Thursday,60,-0.3,cloudy
2013-09-13,Friday,154,-0.1,clear
2013-09-14,Saturday,157,-0.5,clear
2013-09-15,Sunday,60,0.2,cloudy
2013-09-16,Monday,156,2.1,clear
2013-09-17,Tuesday,181,0.1,clear
2013-09-18,Wednesday,54,1.3,cloudy
2013-09-19,Thursday,57,0.4,cloudy
2013-09-20,Friday,155,0.3,clear
2013-09-21,Saturday,75,1.6,cloudy
2013-09-22,Sunday,178,-1.9,clear
2013-09-23,Monday,154,-0.8,clear
2013-09-24,Tuesday,142,-0.9,clear
2013-09-25,Wednesday,177,-0.2,clear
2013-09-26,Thursday,146,0.9,cloudy
2013-09-27,Friday,8,0.3,cloudy
2013-09-28,Saturday,147,0.5,clear
2013-09-29,Sunday,135,-0.4,clear
2013-09-30,Monday,157,1.8,clear
2013-10-01,Tuesday,56,1.9,cloudy
2013-10-02,Wednesday,143,-0.1,cloudy
2013-10-03,Thursday,90,-0.5,cloudy
2013-10-04,Friday,163,-0.7,clear
2013-10-05,Saturday,157,-0.6,clear
2013-10-06,Sunday,67,-0.8,cloudy
2013-10-07,Monday,109,-0.1,cloudy
2013-10-08,Tuesday,108,-1,cloudy
2013-10-09,Wednesday,147,-0.7,clear
2013-10-10,Thursday,159,0.7,clear
2013-10-11,Friday,161,-0.5,clear
2013-10-12,Saturday,149,-1.6,clear
2013-10-13,Sunday,145,-0.8,clear
2013-10-14,Monday,102,-1.3,cloudy
2013-10-15,Tuesday,68,-0.6,cloudy
2013-10-16,Wednesday,54,0.6,cloudy
2013-10-17,Thursday,162,1.4,clear
2013-10-18,Friday,156,1.1,clear
2013-10-19,Saturday,71,-1.1,cloudy
2013-10-20,Sunday,134,-0.4,clear
2013-10-21,Monday,145,-0.8,clear
2013-10-22,Tuesday,134,2.6,clear
2013-10-23,Wednesday,96,1,cloudy
2013-10-24,Thursday,180,0.7,clear
2013-10-25,Friday,21,0,cloudy
2013-10-26,Saturday,73,-0.1,cloudy
2013-10-27,Sunday,124,-0.8,cloudy
2013-10-28,Monday,53,0.3,cloudy
2013-10-29,Tuesday,29,2,cloudy
2013-10-30,Wednesday,142,-1.2,clear
2013-10-31,Thursday,153,-0.1,clear
2013-11-01,Friday,138,-0.9,clear
2013-11-02,Saturday,143,0.5,clear
2013-11-03,Sunday,18,-0.3,cloudy
2013-11-04,Monday,92,0,cloudy
2013-11-05,Tuesday,53,-0.9,cloudy
2013-11-06,Wednesday,58,-0.8,cloudy
2013-11-07,Thursday,131,-0.4,cloudy
2013-11-08,Friday,36,-0.3,cloudy
2013-11-09,Saturday,111,-1,cloudy
2013-11-10,Sunday,158,0.5,clear
2013-11-11,Monday,147,-0.4,clear
2013-11-12,Tuesday,42,0.7,cloudy
2013-11-13,Wednesday,87,1.2,cloudy
2013-11-14,Thursday,130,0.3,clear
2013-11-15,Friday,143,-0.6,clear
2013-11-16,Saturday,26,0.7,cloudy
2013-11-17,Sunday,26,0.9,cloudy
2013-11-18,Monday,61,1.3,cloudy
2013-11-19,Tuesday,96,-0.2,cloudy
2013-11-20,Wednesday,133,1.9,clear
2013-11-21,Thursday,10,0,cloudy
2013-11-22,Friday,145,-1,clear
2013-11-23,Saturday,137,-0.5,clear
2013-11-24,Sunday,204,-0.2,clear
2013-11-25,Monday,137,2.2,clear
2013-11-26,Tuesday,17,-0.6,cloudy
2013-11-27,Wednesday,180,-0.4,clear
2013-11-28,Thursday,148,1.8,clear
2013-11-29,Friday,136,-0.3,clear
2013-11-30,Saturday,38,0.5,cloudy
2013-12-01,Sunday,157,-1.4,clear
2013-12-02,Monday,145,-1.1,clear
2013-12-03,Tuesday,146,0,clear
2013-12-04,Wednesday,155,0.1,clear
2013-12-05,Thursday,124,-0.6,cloudy
2013-12-06,Friday,78,1.1,cloudy
2013-12-07,Saturday,191,-1.7,clear
2013-12-08,Sunday,148,-0.5,clear
2013-12-09,Monday,154,2.2,clear
2013-12-10,Tuesday,47,-0.4,cloudy
2013-12-11,Wednesday,147,0.2,clear
2013-12-12,Thursday,171,-1,clear
2013-12-13,Friday,199,-0.6,clear
2013-12-14,Saturday,104,0.6,cloudy
2013-12-15,Sunday,98,-1.2,cloudy
2013-12-16,Monday,48,0.6,cloudy
2013-12-17,Tuesday,131,-1,clear
2013-12-18,Wednesday,139,-1.3,clear
2013-12-19,Thursday,44,-1.6,cloudy
2013-12-20,Friday,140,-0.3,clear
2013-12-21,Saturday,155,1,clear
2013-12-22,Sunday,109,-0.6,cloudy
2013-12-23,Monday,6,0.1,cloudy
2013-12-24,Tuesday,119,-0.6,cloudy
2013-12-25,Wednesday,132,-0.8,clear
2013-12-26,Thursday,155,0.6,clear
2013-12-27,Friday,167,1.3,clear
2013-12-28,Saturday,159,0.5,clear
2013-12-29,Sunday,187,-2.4,clear
2013-12-30,Monday,93,-0.8,cloudy
2013-12-31,Tuesday,89,0.5,cloudy
2014-01-01,Wednesday,130,-0.9,cloudy
2014-01-02,Thursday,156,0.6,clear
2014-01-03,Friday,135,-2.5,clear
2014-01-04,Saturday,162,-1.3,clear
2014-01-05,Sunday,150,0.7,clear
2014-01-06,Monday,164,-1,clear
2014-01-07,Tuesday,133,0.3,clear
2014-01-08,Wednesday,84,-1.5,cloudy
2014-01-09,Thursday,1,-1.3,cloudy
2014-01-10,Friday,37,2.4,cloudy
2014-01-11,Saturday,134,-1.1,clear
2014-01-12,Sunday,160,1.2,clear
2014-01-13,Monday,137,0.4,clear
2014-01-14,Tuesday,148,-0.3,clear
2014-01-15,Wednesday,136,0.4,clear
2014-01-16,Thursday,155,-1.4,clear
2014-01-17,Friday,67,0.7,cloudy
2014-01-18,Saturday,29,-1.2,cloudy
2014-01-19,Sunday,151,0.5,clear
2014-01-20,Monday,164,0,clear
2014-01-21,Tuesday,144,0.6,clear
2014-01-22,Wednesday,126,0.7,clear
2014-01-23,Thursday,153,-0.5,clear
2014-01-24,Friday,147,-0.1,clear
2014-01-25,Saturday,149,0.3,clear
2014-01-26,Sunday,172,0.8,clear
2014-01-27,Monday,126,-0.8,cloudy
2014-01-28,Tuesday,127,0.2,clear
2014-01-29,Wednesday,41,-1.6,cloudy
2014-01-30,Thursday,135,1,clear
2014-01-31,Friday,138,1,clear
2014-02-01,Saturday,52,2.3,cloudy
2014-02-02,Sunday,146,0.7,clear
2014-02-03,Monday,152,0.7,clear
2014-02-04,Tuesday,139,1.4,clear
2014-02-05,Wednesday,6,-0.2,cloudy
2014-02-06,Thursday,134,1.6,cloudy
2014-02-07,Friday,43,0.7,cloudy
2014-02-08,Saturday,137,-0.6,clear
2014-02-09,Sunday,137,1.3,clear
2014-02-10,Monday,141,0.4,clear
2014-02-11,Tuesday,140,0.9,clear
2014-02-12,Wednesday,85,-1.4,cloudy
2014-02-13,Thursday,107,-0.8,cloudy
2014-02-14,Friday,175,0.7,clear
2014-02-15,Saturday,145,2.1,clear
2014-02-16,Sunday,156,-1.6,clear
2014-02-17,Monday,43,-0.2,cloudy
2014-02-18,Tuesday,143,2.1,clear
2014-02-19,Wednesday,138,0.5,cloudy
2014-02-20,Thursday,23,0.8,cloudy
2014-02-21,Friday,133,0.6,clear
2014-02-22,Saturday,132,-0.4,clear
2014-02-23,Sunday,4,-0.9,cloudy
2014-02-24,Monday,85,-0.7,cloudy
2014-02-25,Tuesday,144,0.1,clear
2014-02-26,Wednesday,142,0.5,clear
2014-02-27,Thursday,0,-0.6,cloudy
2014-02-28,Friday,173,1.2,clear
2014-03-01,Saturday,26,0.4,cloudy
2014-03-02,Sunday,122,0.2,cloudy
2014-03-03,Monday,139,-2.2,clear
2014-03-04,Tuesday,34,-1.2,cloudy
2014-03-05,Wednesday,163,1,clear
2014-03-06,Thursday,120,-0.1,cloudy
2014-03-07,Friday,129,0.5,clear
2014-03-08,Saturday,75,0,cloudy
2014-03-09,Sunday,163,1.1,clear
2014-03-10,Monday,186,-0.2,clear
2014-03-11,Tuesday,41,1.2,cloudy
2014-03-12,Wednesday,159,-0.8,clear
2014-03-13,Thursday,147,0.2,clear
2014-03-14,Friday,183,-0.1,clear
2014-03-15,Saturday,156,1.6,clear
2014-03-16,Sunday,74,-2.4,cloudy
2014-03-17,Monday,27,0.2,cloudy
2014-03-18,Tuesday,8,-0.4,cloudy
2014-03-19,Wednesday,153,-1.2,clear
2014-03-20,Thursday,23,0.3,cloudy
2014-03-21,Friday,155,-0.1,clear
2014-03-22,Saturday,99,-0.9,cloudy
2014-03-23,Sunday,136,0.7,clear
2014-03-24,Monday,114,1,cloudy
2014-03-25,Tuesday,149,-1.1,clear
2014-03-26,Wednesday,55,-1.2,cloudy
2014-03-27,Thursday,135,-0.9,clear
2014-03-28,Friday,155,0.2,clear
2014-03-29,Saturday,114,0.7,cloudy
2014-03-30,Sunday,43,1.6,cloudy
2014-03-31,Monday,113,1.9,cloudy
2014-04-01,Tuesday,125,-0.6,cloudy
2014-04-02,Wednesday,133,0.8,clear
2014-04-03,Thursday,63,0.9,cloudy
2014-04-04,Friday,135,-1.1,clear
2014-04-05,Saturday,47,-0.6,cloudy
2014-04-06,Sunday,154,-0.3,cloudy
2014-04-07,Monday,127,2.2,clear
2014-04-08,Tuesday,134,0.8,clear
2014-04-09,Wednesday,11,0,cloudy
2014-04-10,Thursday,104,1.5,cloudy
2014-04-11,Friday,122,1.1,cloudy
2014-04-12,Saturday,68,-1.3,cloudy
2014-04-13,Sunday,107,-0.2,cloudy
2014-04-14,Monday,101,1.2,cloudy
2014-04-15,Tuesday,107,-0.1,cloudy
2014-04-16,Wednesday,40,0,cloudy
2014-04-17,Thursday,77,0,cloudy
2014-04-18,Friday,77,0,cloudy
2014-04-19,Saturday,19,0.4,cloudy
2014-04-20,Sunday,153,0.8,clear
2014-04-21,Monday,129,0.5,clear
2014-04-22,Tuesday,145,1.2,clear
2014-04-23,Wednesday,34,-0.5,cloudy
2014-04-24,Thursday,146,2.1,clear
2014-04-25,Friday,140,-1.3,clear
2014-04-26,Saturday,130,0.3,clear
2014-04-27,Sunday,64,1.4,cloudy
2014-04-28,Monday,133,0.6,clear
2014-04-29,Tuesday,76,-0.7,cloudy
2014-04-30,Wednesday,137,-2.1,clear
2014-05-01,Thursday,14,0.2,cloudy
2014-05-02,Friday,174,0.3,clear
2014-05-03,Saturday,100,-1.3,cloudy
2014-05-04,Sunday,26,0.9,cloudy
2014-05-05,Monday,128,-0.9,clear
2014-05-06,Tuesday,123,-0.4,clear
2014-05-07,Wednesday,118,0.4,cloudy
2014-05-08,Thursday,119,1.1,clear
2014-05-09,Friday,140,-0.8,clear
2014-05-10,Saturday,103,1.7,cloudy
2014-05-11,Sunday,112,-0.4,cloudy
2014-05-12,Monday,120,0.7,cloudy
2014-05-13,Tuesday,163,0.6,clear
2014-05-14,Wednesday,45,-0.5,cloudy
2014-05-15,Thursday,157,1.2,clear
2014-05-16,Friday,120,-0.8,clear
2014-05-17,Saturday,50,1.2,cloudy
2014-05-18,Sunday,145,-1.6,clear
2014-05-19,Monday,133,1.3,clear
2014-05-20,Tuesday,115,-0.1,cloudy
2014-05-21,Wednesday,114,0.4,cloudy
2014-05-22,Thursday,128,-0.5,clear
2014-05-23,Friday,66,-1.1,cloudy
2014-05-24,Saturday,35,2.2,cloudy
2014-05-25,Sunday,152,-0.4,cloudy
2014-05-26,Monday,139,-0.1,clear
2014-05-27,Tuesday,136,0.8,clear
2014-05-28,Wednesday,134,0.6,clear
2014-05-29,Thursday,141,-0.6,clear
2014-05-30,Friday,51,0.5,cloudy
2014-05-31,Saturday,8,-0.8,cloudy
2014-06-01,Sunday,153,2.1,clear
2014-06-02,Monday,148,0.8,clear
2014-06-03,Tuesday,142,0.5,cloudy
2014-06-04,Wednesday,8,0.2,cloudy
2014-06-05,Thursday,135,1.6,clear
2014-06-06,Friday,53,-0.1,cloudy
2014-06-07,Saturday,55,0,cloudy
2014-06-08,Sunday,104,-0.4,cloudy
2014-06-09,Monday,157,-0.5,clear
2014-06-10,Tuesday,157,0.2,clear
2014-06-11,Wednesday,157,-0.4,clear
2014-06-12,Thursday,160,1.9,clear
2014-06-13,Friday,10,1.5,cloudy
2014-06-14,Saturday,20,0.6,cloudy
2014-06-15,Sunday,45,0,cloudy
2014-06-16,Monday,169,1,clear
2014-06-17,Tuesday,166,0.9,clear
2014-06-18,Wednesday,124,-0.8,cloudy
2014-06-19,Thursday,119,-1.2,cloudy
2014-06-20,Friday,160,-0.4,clear
2014-06-21,Saturday,115,2.1,clear
2014-06-22,Sunday,74,-0.9,cloudy
2014-06-23,Monday,164,0.8,cloudy
2014-06-24,Tuesday,163,-0.1,clear
2014-06-25,Wednesday,131,-1.2,clear
2014-06-26,Thursday,126,-0.5,clear
2014-06-27,Friday,3,-0.7,cloudy
2014-06-28,Saturday,130,0.3,cloudy
2014-06-29,Sunday,134,-0.8,clear
2014-06-30,Monday,130,-0.3,clear
2014-07-01,Tuesday,114,-0.7,cloudy
2014-07-02,Wednesday,131,-1,clear
2014-07-03,Thursday,153,0.8,clear
2014-07-04,Friday,134,0.3,clear
2014-07-05,Saturday,136,1.2,clear
2014-07-06,Sunday,136,-0.7,clear
2014-07-07,Monday,130,0.9,cloudy
2014-07-08,Tuesday,107,-0.4,cloudy
2014-07-09,Wednesday,27,0.8,cloudy
2014-07-10,Thursday,94,0.1,cloudy
2014-07-11,Friday,174,0.7,clear
2014-07-12,Saturday,136,0.5,clear
2014-07-13,Sunday,8,0,cloudy
2014-07-14,Monday,124,0.5,clear
2014-07-15,Tuesday,10,0,cloudy
2014-07-16,Wednesday,139,0.5,clear
2014-07-17,Thursday,52,1.3,cloudy
2014-07-18,Friday,121,-0.7,clear
2014-07-19,Saturday,152,1.1,clear
2014-07-20,Sunday,39,-0.5,cloudy
2014-07-21,Monday,140,1.3,clear
2014-07-22,Tuesday,123,-0.4,clear
2014-07-23,Wednesday,14,-0.5,cloudy
2014-07-24,Thursday,146,1.1,clear
2014-07-25,Friday,49,-0.7,cloudy
2014-07-26,Saturday,134,1,clear
2014-07-27,Sunday,134,-1,clear
2014-07-28,Monday,27,0.9,cloudy
2014-07-29,Tuesday,108,0.8,cloudy
2014-07-30,Wednesday,154,1.2,clear
2014-07-31,Thursday,107,-0.1,cloudy
2014-08-01,Friday,19,-2.1,cloudy
2014-08-02,Saturday,52,1.1,cloudy
2014-08-03,Sunday,53,0.8,cloudy
2014-08-04,Monday,46,0.5,cloudy
2014-08-05,Tuesday,142,-1.6,cloudy
2014-08-06,Wednesday,86,-0.6,cloudy
2014-08-07,Thursday,150,-0.3,cloudy
2014-08-08,Friday,131,-0.6,clear
2014-08-09,Saturday,135,-1.1,clear
2014-08-10,Sunday,83,0.3,cloudy
2014-08-11,Monday,128,0.4,clear
2014-08-12,Tuesday,127,-0.5,cloudy
2014-08-13,Wednesday,144,0.9,clear
2014-08-14,Thursday,130,0.5,cloudy
2014-08-15,Friday,134,0.1,clear
2014-08-16,Saturday,153,1.5,clear
2014-08-17,Sunday,15,1,cloudy
2014-08-18,Monday,68,-2,cloudy
2014-08-19,Tuesday,184,1.2,clear
2014-08-20,Wednesday,143,-1,clear
2014-08-21,Thursday,166,0.6,clear
2014-08-22,Friday,0,1.3,cloudy
2014-08-23,Saturday,159,1.3,clear
2014-08-24,Sunday,66,-1,cloudy
2014-08-25,Monday,18,0.7,cloudy
2014-08-26,Tuesday,129,0.7,clear
2014-08-27,Wednesday,143,-0.2,clear
2014-08-28,Thursday,130,-0.5,clear
2014-08-29,Friday,150,0.2,clear
2014-08-30,Saturday,148,0.8,clear
2014-08-31,Sunday,132,-0.3,clear
2014-09-01,Monday,22,-0.4,cloudy
2014-09-02,Tuesday,139,0.6,clear
2014-09-03,Wednesday,133,0.8,clear
2014-09-04,Thursday,148,-0.4,clear
2014-09-05,Friday,150,0.2,clear
2014-09-06,Saturday,121,-1,clear
2014-09-07,Sunday,133,-0.6,clear
2014-09-08,Monday,74,-0.6,cloudy
2014-09-09,Tuesday,124,0.1,clear
2014-09-10,Wednesday,113,2,cloudy
2014-09-11,Thursday,58,1.9,cloudy
2014-09-12,Friday,100,-0.1,cloudy
2014-09-13,Saturday,131,-1.2,clear
2014-09-14,Sunday,147,-1.8,clear
2014-09-15,Monday,129,0.1,clear
2014-09-16,Tuesday,123,-1.6,clear
2014-09-17,Wednesday,132,-0.3,clear
2014-09-18,Thursday,89,-1.1,cloudy
2014-09-19,Friday,135,0.6,clear
2014-09-20,Saturday,140,1.3,clear
2014-09-21,Sunday,133,1,clear
2014-09-22,Monday,32,-0.8,cloudy
2014-09-23,Tuesday,139,-1.2,clear
2014-09-24,Wednesday,113,0.8,cloudy
2014-09-25,Thursday,74,1.1,cloudy
2014-09-26,Friday,139,-0.1,clear
2014-09-27,Saturday,152,-1.4,clear
2014-09-28,Sunday,88,0.2,cloudy
2014-09-29,Monday,107,-0.9,cloudy
2014-09-30,Tuesday,81,-1.1,cloudy
2014-10-01,Wednesday,32,-0.2,cloudy
2014-10-02,Thursday,110,1.3,clear
2014-10-03,Friday,127,0.4,clear
2014-10-04,Saturday,115,0.9,clear
2014-10-05,Sunday,130,-0.7,clear
2014-10-06,Monday,124,-1.9,clear
2014-10-07,Tuesday,147,1.1,clear
2014-10-08,Wednesday,184,-0.9,clear
2014-10-09,Thursday,136,-0.2,clear
2014-10-10,Friday,8,-0.4,cloudy
2014-10-11,Saturday,107,0.1,cloudy
2014-10-12,Sunday,128,0.3,clear
2014-10-13,Monday,39,-1.5,cloudy
2014-10-14,Tuesday,124,0.2,clear
2014-10-15,Wednesday,137,0.9,clear
2014-10-16,Thursday,128,2.8,clear
2014-10-17,Friday,121,0.8,clear
2014-10-18,Saturday,17,2.2,cloudy
2014-10-19,Sunday,146,-0.4,clear
2014-10-20,Monday,139,-0.2,clear
2014-10-21,Tuesday,125,-0.8,clear
2014-10-22,Wednesday,91,1.2,cloudy
2014-10-23,Thursday,23,0.6,cloudy
2014-10-24,Friday,145,-1.8,clear
2014-10-25,Saturday,142,-0.9,clear
2014-10-26,Sunday,138,0.4,clear
2014-10-27,Monday,71,1.4,cloudy
2014-10-28,Tuesday,16,-1.1,cloudy
2014-10-29,Wednesday,117,-0.1,clear
2014-10-30,Thursday,120,-1.4,clear
2014-10-31,Friday,126,0.7,clear
2014-11-01,Saturday,128,-0.5,clear
2014-11-02,Sunday,129,-0.9,clear
2014-11-03,Monday,114,-0.1,clear
2014-11-04,Tuesday,112,1,clear
2014-11-05,Wednesday,117,-0.4,clear
2014-11-06,Thursday,35,-0.5,cloudy
2014-11-07,Friday,133,0.7,clear
2014-11-08,Saturday,98,0.9,cloudy
2014-11-09,Sunday,129,0.8,clear
2014-11-10,Monday,121,-0.2,clear
2014-11-11,Tuesday,141,0,clear
2014-11-12,Wednesday,149,-1.6,clear
2014-11-13,Thursday,125,0.7,clear
2014-11-14,Friday,53,-1.1,cloudy
2014-11-15,Saturday,13,1.2,cloudy
2014-11-16,Sunday,121,-0.2,clear
2014-11-17,Monday,119,-1.2,clear
2014-11-18,Tuesday,123,0.3,clear
2014-11-19,Wednesday,125,0.4,clear
2014-11-20,Thursday,87,0.6,cloudy
2014-11-21,Friday,97,1.4,cloudy
2014-11-22,Saturday,114,0.1,cloudy
2014-11-23,Sunday,132,-1,clear
2014-11-24,Monday,146,-0.8,clear
2014-11-25,Tuesday,112,-1.5,cloudy
2014-11-26,Wednesday,147,0.3,clear
2014-11-27,Thursday,78,2.4,cloudy
2014-11-28,Friday,86,2,cloudy
2014-11-29,Saturday,117,-1,clear
2014-11-30,Sunday,99,1.1,cloudy
2014-12-01,Monday,10,1.5,cloudy
2014-12-02,Tuesday,43,0.3,cloudy
2014-12-03,Wednesday,117,-0.9,clear
2014-12-04,Thursday,29,-1.6,cloudy
2014-12-05,Friday,127,-0.3,cloudy
2014-12-06,Saturday,120,1.3,cloudy
2014-12-07,Sunday,37,1.8,cloudy
2014-12-08,Monday,155,1.8,cloudy
2014-12-09,Tuesday,79,0.5,cloudy
2014-12-10,Wednesday,16,0.4,cloudy
2014-12-11,Thursday,117,-1.4,clear
2014-12-12,Friday,116,-0.8,cloudy
2014-12-13,Saturday,43,0.8,cloudy
2014-12-14,Sunday,45,-0.3,cloudy
2014-12-15,Monday,56,-0.8,cloudy
2014-12-16,Tuesday,66,-3.1,cloudy
2014-12-17,Wednesday,129,0.4,clear
2014-12-18,Thursday,49,1.3,cloudy
2014-12-19,Friday,106,-2.2,cloudy
2014-12-20,Saturday,4,-0.2,cloudy
2014-12-21,Sunday,18,-0.1,cloudy
2014-12-22,Monday,14,-2.4,cloudy
2014-12-23,Tuesday,124,-1.4,clear
2014-12-24,Wednesday,111,0.4,clear
2014-12-25,Thursday,33,-0.9,cloudy
2014-12-26,Friday,121,0.5,clear
2014-12-27,Saturday,128,-0.5,clear
2014-12-28,Sunday,16,-0.8,cloudy
2014-12-29,Monday,125,0,clear
2014-12-30,Tuesday,142,0,clear
2014-12-31,Wednesday,3,-0.5,cloudy
2015-01-01,Thursday,54,-0.8,cloudy
2015-01-02,Friday,104,-1.4,clear
2015-01-03,Saturday,32,-0.9,cloudy
2015-01-04,Sunday,118,0.3,clear
2015-01-05,Monday,52,-0.1,cloudy
2015-01-06,Tuesday,99,0.6,clear
2015-01-07,Wednesday,60,-1,cloudy
2015-01-08,Thursday,125,-0.7,clear
2015-01-09,Friday,133,-0.5,clear
2015-01-10,Saturday,112,-0.9,clear
2015-01-11,Sunday,142,-0.9,clear
2015-01-12,Monday,127,-0.7,clear
2015-01-13,Tuesday,113,-0.9,clear
2015-01-14,Wednesday,120,-0.3,clear
2015-01-15,Thursday,131,2.1,clear
2015-01-16,Friday,48,-0.1,cloudy
2015-01-17,Saturday,113,1.8,clear
2015-01-18,Sunday,125,0.6,clear
2015-01-19,Monday,39,0.2,cloudy
2015-01-20,Tuesday,34,-0.5,cloudy
2015-01-21,Wednesday,104,0.8,clear
2015-01-22,Thursday,138,-2,clear
2015-01-23,Friday,136,-1.8,clear
2015-01-24,Saturday,2,-1.9,cloudy
2015-01-25,Sunday,3,1.2,cloudy
2015-01-26,Monday,109,0.7,clear
2015-01-27,Tuesday,111,-0.5,clear
2015-01-28,Wednesday,135,-1,clear
2015-01-29,Thursday,134,0,clear
2015-01-30,Friday,4,-0.4,cloudy
2015-01-31,Saturday,123,1,clear
2015-02-01,Sunday,48,-1.2,cloudy
2015-02-02,Monday,105,-0.5,clear
2015-02-03,Tuesday,84,0.8,cloudy
2015-02-04,Wednesday,106,0.6,clear
2015-02-05,Thursday,100,1,cloudy
2015-02-06,Friday,126,-0.6,clear
2015-02-07,Saturday,67,0.3,cloudy
2015-02-08,Sunday,3,0.3,cloudy
2015-02-09,Monday,25,0.2,cloudy
2015-02-10,Tuesday,147,0.6,clear
2015-02-11,Wednesday,123,1,cloudy
2015-02-12,Thursday,10,2.8,cloudy
2015-02-13,Friday,62,-0.1,cloudy
2015-02-14,Saturday,157,-1.2,clear
2015-02-15,Sunday,60,-0.6,cloudy
2015-02-16,Monday,133,1,clear
2015-02-17,Tuesday,104,-0.5,cloudy
2015-02-18,Wednesday,117,-0.7,cloudy
2015-02-19,Thursday,5,0.6,cloudy
2015-02-20,Friday,25,1.3,cloudy
2015-02-21,Saturday,111,0.7,cloudy
2015-02-22,Sunday,38,-0.3,cloudy
2015-02-23,Monday,115,-0.7,clear
2015-02-24,Tuesday,125,-0.8,clear
2015-02-25,Wednesday,115,0.2,clear
2015-02-26,Thursday,53,-0.1,cloudy
2015-02-27,Friday,114,0.3,clear
2015-02-28,Saturday,49,1.9,cloudy
2015-03-01,Sunday,26,-1.4,cloudy
2015-03-02,Monday,34,0.8,cloudy
2015-03-03,Tuesday,1,1,cloudy
2015-03-04,Wednesday,124,-0.5,cloudy
2015-03-05,Thursday,53,-0.2,cloudy
2015-03-06,Friday,115,-1.2,cloudy
2015-03-07,Saturday,196,-1.2,clear
2015-03-08,Sunday,151,-0.4,clear
2015-03-09,Monday,77,-0.9,cloudy
2015-03-10,Tuesday,59,0.9,cloudy
2015-03-11,Wednesday,119,-0.5,clear
2015-03-12,Thursday,121,0.6,clear
2015-03-13,Friday,136,-1,clear
2015-03-14,Saturday,149,0.8,clear
2015-03-15,Sunday,110,1.4,cloudy
2015-03-16,Monday,145,1.2,clear
2015-03-17,Tuesday,103,0.1,clear
2015-03-18,Wednesday,92,0.4,cloudy
2015-03-19,Thursday,117,-0.3,clear
2015-03-20,Friday,150,-0.5,cloudy
2015-03-21,Saturday,151,-0.5,clear
2015-03-22,Sunday,118,-0.1,clear
2015-03-23,Monday,27,1.4,cloudy
2015-03-24,Tuesday,7,-0.1,cloudy
2015-03-25,Wednesday,113,-1.6,clear
2015-03-26,Thursday,5,0,cloudy
2015-03-27,Friday,113,1.9,clear
2015-03-28,Saturday,9,0,cloudy
2015-03-29,Sunday,21,-0.6,cloudy
2015-03-30,Monday,2,1.2,cloudy
2015-03-31,Tuesday,107,-1.4,clear
2015-04-01,Wednesday,131,0.3,clear
2015-04-02,Thursday,18,-0.5,cloudy
2015-04-03,Friday,76,-0.2,cloudy
2015-04-04,Saturday,151,-1.5,clear
2015-04-05,Sunday,36,-0.2,cloudy
2015-04-06,Monday,106,0,cloudy
2015-04-07,Tuesday,93,0.3,cloudy
2015-04-08,Wednesday,98,-1.4,cloudy
2015-04-09,Thursday,103,0.1,cloudy
2015-04-10,Friday,10,-1.7,cloudy
2015-04-11,Saturday,30,-1.9,cloudy
2015-04-12,Sunday,51,0.2,cloudy
2015-04-13,Monday,74,-2.6,cloudy
2015-04-14,Tuesday,115,0.6,clear
2015-04-15,Wednesday,56,0.2,cloudy
2015-04-16,Thursday,101,-0.4,clear
2015-04-17,Friday,127,-1.7,clear
2015-04-18,Saturday,133,-0.3,clear
2015-04-19,Sunday,62,0.2,cloudy
2015-04-20,Monday,121,0.4,clear
2015-04-21,Tuesday,34,1.8,cloudy
2015-04-22,Wednesday,104,-0.2,cloudy
2015-04-23,Thursday,20,-0.9,cloudy
2015-04-24,Friday,148,-1.5,clear
2015-04-25,Saturday,117,-0.8,clear
2015-04-26,Sunday,27,0.1,cloudy
2015-04-27,Monday,8,-0.4,cloudy
2015-04-28,Tuesday,15,-0.3,cloudy
2015-04-29,Wednesday,117,0.8,clear
2015-04-30,Thursday,125,-0.4,clear
2015-05-01,Friday,117,0,clear
2015-05-02,Saturday,127,1,clear
2015-05-03,Sunday,137,0.7,clear
2015-05-04,Monday,110,0.8,clear
2015-05-05,Tuesday,135,0.9,clear
2015-05-06,Wednesday,135,-2.4,clear
2015-05-07,Thursday,18,-2,cloudy
2015-05-08,Friday,121,0.7,clear
2015-05-09,Saturday,102,0.1,clear
2015-05-10,Sunday,20,1.7,cloudy
2015-05-11,Monday,137,0.1,clear
2015-05-12,Tuesday,120,0.4,clear
2015-05-13,Wednesday,127,0.7,clear
2015-05-14,Thursday,113,-0.9,clear
2015-05-15,Friday,122,1,clear
2015-05-16,Saturday,25,-2.2,cloudy
2015-05-17,Sunday,120,-0.4,clear
2015-05-18,Monday,128,0,clear
2015-05-19,Tuesday,122,1.3,clear
2015-05-20,Wednesday,121,0.8,cloudy
2015-05-21,Thursday,105,-0.5,clear
2015-05-22,Friday,9,0.1,cloudy
2015-05-23,Saturday,76,0.1,cloudy
2015-05-24,Sunday,98,0.2,cloudy
2015-05-25,Monday,114,-0.6,clear
2015-05-26,Tuesday,112,0.4,clear
2015-05-27,Wednesday,120,0.7,clear
2015-05-28,Thursday,108,1.9,clear
2015-05-29,Friday,71,1,cloudy
2015-05-30,Saturday,142,-0.5,clear
2015-05-31,Sunday,124,2.4,clear
2015-06-01,Monday,132,-1.1,clear
2015-06-02,Tuesday,133,-1.3,cloudy
2015-06-03,Wednesday,84,1.4,cloudy
2015-06-04,Thursday,70,-0.8,cloudy
2015-06-05,Friday,23,-0.3,cloudy
2015-06-06,Saturday,106,-1,cloudy
2015-06-07,Sunday,110,-1.1,cloudy
2015-06-08,Monday,98,0.1,cloudy
2015-06-09,Tuesday,27,-1.6,cloudy
2015-06-10,Wednesday,98,-0.4,clear
2015-06-11,Thursday,115,0.9,clear
2015-06-12,Friday,38,-0.5,cloudy
2015-06-13,Saturday,65,-0.4,cloudy
2015-06-14,Sunday,141,0.7,clear
2015-06-15,Monday,128,-0.7,clear
2015-06-16,Tuesday,103,-0.3,cloudy
2015-06-17,Wednesday,108,-1.1,clear
2015-06-18,Thursday,118,-1,clear
2015-06-19,Friday,111,-0.3,clear
2015-06-20,Saturday,134,-1.3,clear
2015-06-21,Sunday,125,-0.3,clear
2015-06-22,Monday,111,0.9,clear
2015-06-23,Tuesday,63,-1.1,cloudy
2015-06-24,Wednesday,101,0.8,clear
2015-06-25,Thursday,118,-1.2,clear
2015-06-26,Friday,138,-1,clear
2015-06-27,Saturday,118,-1.6,clear
2015-06-28,Sunday,25,-0.1,cloudy
2015-06-29,Monday,111,0.6,clear
2015-06-30,Tuesday,108,-0.7,clear
2015-07-01,Wednesday,102,0.2,clear
2015-07-02,Thursday,91,-0.5,cloudy
2015-07-03,Friday,111,0.4,cloudy
2015-07-04,Saturday,39,1.5,cloudy
2015-07-05,Sunday,64,0,cloudy
2015-07-06,Monday,146,1.7,clear
2015-07-07,Tuesday,118,0.4,clear
2015-07-08,Wednesday,107,0.5,clear
2015-07-09,Thursday,130,0,clear
2015-07-10,Friday,106,-1.7,clear
2015-07-11,Saturday,40,-0.1,cloudy
2015-07-12,Sunday,85,-1.1,cloudy
2015-07-13,Monday,66,-0.6,cloudy
2015-07-14,Tuesday,98,1.4,clear
2015-07-15,Wednesday,37,-1.4,cloudy
2015-07-16,Thursday,44,-0.4,cloudy
2015-07-17,Friday,95,1.5,cloudy
2015-07-18,Saturday,105,2.1,cloudy
2015-07-19,Sunday,65,-1.3,cloudy
2015-07-20,Monday,111,-0.7,clear
2015-07-21,Tuesday,100,1.3,clear
2015-07-22,Wednesday,96,0.3,clear
2015-07-23,Thursday,138,2,cloudy
2015-07-24,Friday,101,-1.6,clear
2015-07-25,Saturday,102,0.3,clear
2015-07-26,Sunday,99,-0.1,cloudy
2015-07-27,Monday,36,-0.7,cloudy
2015-07-28,Tuesday,101,0.3,clear
2015-07-29,Wednesday,51,1.2,cloudy
2015-07-30,Thursday,110,-1,clear
2015-07-31,Friday,95,1.8,clear
2015-08-01,Saturday,13,-0.1,cloudy
2015-08-02,Sunday,76,-0.3,cloudy
2015-08-03,Monday,67,0.5,cloudy
2015-08-04,Tuesday,105,-2.1,clear
2015-08-05,Wednesday,98,0.3,clear
2015-08-06,Thursday,120,-1.6,clear
2015-08-07,Friday,127,-0.8,clear
2015-08-08,Saturday,29,-0.4,cloudy
2015-08-09,Sunday,128,-0.2,clear
2015-08-10,Monday,118,-0.6,clear
2015-08-11,Tuesday,126,-0.7,clear
2015-08-12,Wednesday,103,-1.6,clear
2015-08-13,Thursday,112,1,clear
2015-08-14,Friday,124,-0.6,clear
2015-08-15,Saturday,135,0.9,clear
2015-08-16,Sunday,127,-0.9,clear
2015-08-17,Monday,25,0.5,cloudy
2015-08-18,Tuesday,119,0.5,clear
2015-08-19,Wednesday,9,-0.4,cloudy
2015-08-20,Thursday,117,0.6,clear
2015-08-21,Friday,43,0.7,cloudy
2015-08-22,Saturday,120,-0.6,clear
2015-08-23,Sunday,106,0.7,clear
2015-08-24,Monday,110,0.5,cloudy
2015-08-25,Tuesday,5,0.2,cloudy
2015-08-26,Wednesday,123,-0.3,clear
2015-08-27,Thursday,124,-0.1,clear
2015-08-28,Friday,87,-0.4,cloudy
2015-08-29,Saturday,71,-0.7,cloudy
2015-08-30,Sunday,83,0.2,cloudy
2015-08-31,Monday,7,1.3,cloudy
2015-09-01,Tuesday,81,-0.9,cloudy
2015-09-02,Wednesday,50,-1.4,cloudy
2015-09-03,Thursday,50,0.7,cloudy
2015-09-04,Friday,130,0.3,clear
2015-09-05,Saturday,102,-0.5,clear
2015-09-06,Sunday,71,-0.8,cloudy
2015-09-07,Monday,136,-1.7,clear
2015-09-08,Tuesday,124,0.2,clear
2015-09-09,Wednesday,81,0.9,cloudy
2015-09-10,Thursday,3,-1.3,cloudy
2015-09-11,Friday,81,0.4,cloudy
2015-09-12,Saturday,35,-0.8,cloudy
2015-09-13,Sunday,71,0.1,cloudy
2015-09-14,Monday,124,-0.8,clear
2015-09-15,Tuesday,59,-0.6,cloudy
2015-09-16,Wednesday,96,1.6,clear
2015-09-17,Thursday,130,0,clear
2015-09-18,Friday,130,-2.2,clear
2015-09-19,Saturday,113,-2.6,clear
2015-09-20,Sunday,116,0.2,clear
2015-09-21,Monday,115,0.8,clear
2015-09-22,Tuesday,102,-0.4,cloudy
2015-09-23,Wednesday,92,0,clear
2015-09-24,Thursday,143,-1.5,clear
2015-09-25,Friday,129,1,clear
2015-09-26,Saturday,107,1.1,clear
2015-09-27,Sunday,110,-0.5,clear
2015-09-28,Monday,137,0.5,clear
2015-09-29,Tuesday,90,-0.8,clear
2015-09-30,Wednesday,16,-1,cloudy
2015-10-01,Thursday,97,-1.2,clear
2015-10-02,Friday,142,0.3,clear
2015-10-03,Saturday,25,-1,cloudy
2015-10-04,Sunday,39,0,cloudy
2015-10-05,Monday,102,-1.2,clear
2015-10-06,Tuesday,49,-0.1,cloudy
2015-10-07,Wednesday,130,0.6,clear
2015-10-08,Thursday,130,-0.2,clear
2015-10-09,Friday,56,0.7,cloudy
2015-10-10,Saturday,101,-0.6,clear
2015-10-11,Sunday,101,-0.6,clear
2015-10-12,Monday,101,-0.5,clear
2015-10-13,Tuesday,116,0.1,clear
2015-10-14,Wednesday,41,-0.8,cloudy
2015-10-15,Thursday,127,1.6,clear
2015-10-16,Friday,102,-1,clear
2015-10-17,Saturday,126,-1,clear
2015-10-18,Sunday,73,0.2,cloudy
2015-10-19,Monday,181,-0.6,clear
2015-10-20,Tuesday,96,-0.8,clear
2015-10-21,Wednesday,18,1.7,cloudy
2015-10-22,Thursday,115,0.2,clear
2015-10-23,Friday,118,-0.9,clear
2015-10-24,Saturday,9,-0.1,cloudy
2015-10-25,Sunday,112,0,clear
2015-10-26,Monday,103,-0.5,clear
2015-10-27,Tuesday,110,0,clear
2015-10-28,Wednesday,97,1.8,clear
2015-10-29,Thursday,26,0.7,cloudy
2015-10-30,Friday,111,-0.8,clear
2015-10-31,Saturday,140,0.1,clear
2015-11-01,Sunday,110,0.2,clear
2015-11-02,Monday,98,-0.6,clear
2015-11-03,Tuesday,110,-0.5,clear
2015-11-04,Wednesday,13,-0.9,cloudy
2015-11-05,Thursday,112,-0.7,clear
2015-11-06,Friday,30,1.2,cloudy
2015-11-07,Saturday,103,1.4,clear
2015-11-08,Sunday,61,0.8,cloudy
2015-11-09,Monday,130,0.2,clear
2015-11-10,Tuesday,3,2.2,cloudy
2015-11-11,Wednesday,8,1.1,cloudy
2015-11-12,Thursday,33,0.7,cloudy
2015-11-13,Friday,95,-0.1,clear
2015-11-14,Saturday,139,1.4,clear
2015-11-15,Sunday,103,-1.5,clear
2015-11-16,Monday,111,-0.9,clear
2015-11-17,Tuesday,109,-2.7,clear
2015-11-18,Wednesday,3,-0.1,cloudy
2015-11-19,Thursday,97,-0.5,clear
2015-11-20,Friday,12,0.1,cloudy
2015-11-21,Saturday,75,-1.1,cloudy
2015-11-22,Sunday,96,-0.6,clear
2015-11-23,Monday,101,0.2,clear
2015-11-24,Tuesday,104,-0.6,clear
2015-11-25,Wednesday,63,-0.6,cloudy
2015-11-26,Thursday,125,-0.1,clear
2015-11-27,Friday,99,0.2,clear
2015-11-28,Saturday,115,1,clear
2015-11-29,Sunday,105,0.6,clear
2015-11-30,Monday,115,-0.2,clear
2015-12-01,Tuesday,126,-1.9,clear
2015-12-02,Wednesday,104,-0.6,cloudy
2015-12-03,Thursday,111,-2.2,clear
2015-12-04,Friday,119,-0.2,clear
2015-12-05,Saturday,123,-1.4,cloudy
2015-12-06,Sunday,116,1.4,clear
2015-12-07,Monday,6,-0.8,cloudy
2015-12-08,Tuesday,72,-1.3,cloudy
2015-12-09,Wednesday,115,2,clear
2015-12-10,Thursday,132,-1.6,cloudy
2015-12-11,Friday,92,-0.2,cloudy
2015-12-12,Saturday,133,-0.5,clear
2015-12-13,Sunday,139,1,clear
2015-12-14,Monday,114,1,cloudy
2015-12-15,Tuesday,68,0,cloudy
2015-12-16,Wednesday,54,-0.1,cloudy
2015-12-17,Thursday,100,-1.1,clear
2015-12-18,Friday,131,-1.8,clear
2015-12-19,Saturday,138,-0.1,clear
2015-12-20,Sunday,131,-0.3,clear
2015-12-21,Monday,138,-1.8,clear
2015-12-22,Tuesday,93,-0.7,clear
2015-12-23,Wednesday,53,-1.8,cloudy
2015-12-24,Thursday,122,0.3,clear
2015-12-25,Friday,128,0.3,clear
2015-12-26,Saturday,98,0,clear
2015-12-27,Sunday,98,0.5,clear
2015-12-28,Monday,41,0.7,cloudy
2015-12-29,Tuesday,95,1,clear
2015-12-30,Wednesday,125,-1.1,clear
2015-12-31,Thursday,88,-0.1,clear
2016-01-01,Friday,116,1.5,clear
2016-01-02,Saturday,126,0.7,clear
2016-01-03,Sunday,94,0.9,cloudy
2016-01-04,Monday,121,-0.2,clear
2016-01-05,Tuesday,123,0.1,clear
2016-01-06,Wednesday,121,-0.5,clear
2016-01-07,Thursday,121,2.6,clear
2016-01-08,Friday,88,-1.9,clear
2016-01-09,Saturday,110,1,clear
2016-01-10,Sunday,106,1.8,clear
2016-01-11,Monday,79,-1,cloudy
2016-01-12,Tuesday,123,0,clear
2016-01-13,Wednesday,90,1.1,cloudy
2016-01-14,Thursday,114,0.1,clear
2016-01-15,Friday,140,-1.3,clear
2016-01-16,Saturday,98,0.3,clear
2016-01-17,Sunday,108,-0.1,clear
2016-01-18,Monday,107,-0.1,clear
2016-01-19,Tuesday,91,-0.2,clear
2016-01-20,Wednesday,95,-1.1,clear
2016-01-21,Thursday,105,-0.9,clear
2016-01-22,Friday,38,1.6,cloudy
2016-01-23,Saturday,140,-1.4,clear
2016-01-24,Sunday,41,0.7,cloudy
2016-01-25,Monday,20,2,cloudy
2016-01-26,Tuesday,136,-1.2,clear
2016-01-27,Wednesday,96,-0.5,clear
2016-01-28,Thursday,90,-0.3,clear
2016-01-29,Friday,36,-2.3,cloudy
2016-01-30,Saturday,102,-0.3,clear
2016-01-31,Sunday,126,1,clear
2016-02-01,Monday,128,0.4,clear
2016-02-02,Tuesday,129,0.3,clear
2016-02-03,Wednesday,42,0.7,cloudy
2016-02-04,Thursday,134,1.5,clear
2016-02-05,Friday,123,-1.2,clear
2016-02-06,Saturday,116,-0.2,clear
2016-02-07,Sunday,117,-0.4,clear
2016-02-08,Monday,35,-0.7,cloudy
2016-02-09,Tuesday,101,-1.2,clear
2016-02-10,Wednesday,101,-1.1,clear
2016-02-11,Thursday,91,1.1,cloudy
2016-02-12,Friday,6,-0.8,cloudy
2016-02-13,Saturday,132,1,clear
2016-02-14,Sunday,95,-1.5,cloudy
2016-02-15,Monday,97,-2.7,cloudy
2016-02-16,Tuesday,88,0.2,cloudy
2016-02-17,Wednesday,95,1.1,clear
2016-02-18,Thursday,56,0,cloudy
2016-02-19,Friday,89,0.1,cloudy
2016-02-20,Saturday,98,-1.1,cloudy
2016-02-21,Sunday,40,-0.7,cloudy
2016-02-22,Monday,99,-2,clear
2016-02-23,Tuesday,105,0.3,cloudy
2016-02-24,Wednesday,126,1.7,cloudy
2016-02-25,Thursday,101,-0.9,clear
2016-02-26,Friday,117,0.3,clear
2016-02-27,Saturday,129,1.7,clear
2016-02-28,Sunday,111,1.3,clear
2016-02-29,Monday,4,-0.6,cloudy
2016-03-01,Tuesday,111,0.1,clear
2016-03-02,Wednesday,133,2,clear
2016-03-03,Thursday,16,0.1,cloudy
2016-03-04,Friday,21,1,cloudy
2016-03-05,Saturday,139,-0.7,clear
2016-03-06,Sunday,115,-0.8,clear
2016-03-07,Monday,96,0.6,clear
2016-03-08,Tuesday,118,1.1,clear
2016-03-09,Wednesday,53,-0.5,cloudy
2016-03-10,Thursday,127,-0.8,clear
2016-03-11,Friday,143,0.8,clear
2016-03-12,Saturday,142,0.9,cloudy
2016-03-13,Sunday,127,-0.1,clear
2016-03-14,Monday,128,-0.6,clear
2016-03-15,Tuesday,19,0.1,cloudy
2016-03-16,Wednesday,62,0.1,cloudy
2016-03-17,Thursday,96,-0.4,cloudy
2016-03-18,Friday,69,-1.6,cloudy
2016-03-19,Saturday,128,-1.4,clear
2016-03-20,Sunday,116,-0.3,clear
2016-03-21,Monday,117,2.2,clear
2016-03-22,Tuesday,56,-0.4,cloudy
2016-03-23,Wednesday,29,-0.5,cloudy
2016-03-24,Thursday,25,-1.1,cloudy
2016-03-25,Friday,118,-0.2,clear
2016-03-26,Saturday,105,-0.2,cloudy
2016-03-27,Sunday,113,-0.7,clear
2016-03-28,Monday,102,0.1,clear
2016-03-29,Tuesday,15,0.5,cloudy
2016-03-30,Wednesday,44,-0.2,cloudy
2016-03-31,Thursday,121,-0.4,clear
2016-04-01,Friday,114,1.3,clear
2016-04-02,Saturday,22,0,cloudy
2016-04-03,Sunday,49,0.8,cloudy
2016-04-04,Monday,103,1.2,clear
2016-04-05,Tuesday,17,0.3,cloudy
2016-04-06,Wednesday,108,0.4,clear
2016-04-07,Thursday,106,-1.2,clear
2016-04-08,Friday,104,0,clear
2016-04-09,Saturday,101,0,clear
2016-04-10,Sunday,110,0.7,clear
2016-04-11,Monday,143,0.4,clear
2016-04-12,Tuesday,93,0.1,clear
2016-04-13,Wednesday,154,-0.9,clear
2016-04-14,Thursday,116,0.9,clear
2016-04-15,Friday,97,-1.3,clear
2016-04-16,Saturday,108,-0.9,cloudy
2016-04-17,Sunday,12,-0.9,cloudy
2016-04-18,Monday,103,-0.7,clear
2016-04-19,Tuesday,112,0.3,clear
2016-04-20,Wednesday,66,0,cloudy
2016-04-21,Thursday,54,-1.6,cloudy
2016-04-22,Friday,109,-0.8,clear
2016-04-23,Saturday,98,-0.1,clear
2016-04-24,Sunday,10,-0.7,cloudy
2016-04-25,Monday,109,-0.1,clear
2016-04-26,Tuesday,90,-1.3,clear
2016-04-27,Wednesday,20,-0.6,cloudy
2016-04-28,Thursday,128,-1.1,clear
2016-04-29,Friday,104,1,cloudy
2016-04-30,Saturday,76,-0.4,cloudy
2016-05-01,Sunday,134,-1.1,clear
2016-05-02,Monday,73,0.2,cloudy
2016-05-03,Tuesday,94,0,clear
2016-05-04,Wednesday,105,0.5,clear
2016-05-05,Thursday,114,0.1,clear
2016-05-06,Friday,101,-1,clear
2016-05-07,Saturday,5,-2.1,cloudy
2016-05-08,Sunday,102,-1.5,clear
2016-05-09,Monday,133,0.4,clear
2016-05-10,Tuesday,84,-0.7,clear
2016-05-11,Wednesday,14,0.2,cloudy
2016-05-12,Thursday,13,1.3,cloudy
2016-05-13,Friday,142,1.5,clear
2016-05-14,Saturday,109,-0.7,clear
2016-05-15,Sunday,142,0,clear
2016-05-16,Monday,63,0.6,cloudy
2016-05-17,Tuesday,108,1.2,clear
2016-05-18,Wednesday,25,-0.1,cloudy
2016-05-19,Thursday,103,0.5,clear
2016-05-20,Friday,65,-0.4,cloudy
2016-05-21,Saturday,114,0.9,clear
2016-05-22,Sunday,103,-0.9,clear
2016-05-23,Monday,40,1.1,cloudy
2016-05-24,Tuesday,92,0.7,clear
2016-05-25,Wednesday,109,1.4,clear
2016-05-26,Thursday,114,1.4,cloudy
2016-05-27,Friday,28,-0.9,cloudy
2016-05-28,Saturday,129,0.9,clear
2016-05-29,Sunday,120,-0.9,clear
2016-05-30,Monday,86,-1.2,cloudy
2016-05-31,Tuesday,64,1,cloudy
2016-06-01,Wednesday,59,-0.7,cloudy
2016-06-02,Thursday,109,-0.2,clear
2016-06-03,Friday,107,0.3,clear
2016-06-04,Saturday,112,-0.3,clear
2016-06-05,Sunday,123,0.3,clear
2016-06-06,Monday,154,-1.2,clear
2016-06-07,Tuesday,135,1,clear
2016-06-08,Wednesday,107,-2,clear
2016-06-09,Thursday,125,1.5,clear
2016-06-10,Friday,111,0.2,clear
2016-06-11,Saturday,77,-0.1,cloudy
2016-06-12,Sunday,141,-0.1,clear
2016-06-13,Monday,119,3.3,clear
2016-06-14,Tuesday,24,1.2,cloudy
2016-06-15,Wednesday,75,-0.6,cloudy
2016-06-16,Thursday,95,-0.4,clear
2016-06-17,Friday,29,-0.9,cloudy
2016-06-18,Saturday,33,-0.3,cloudy
2016-06-19,Sunday,87,2.1,cloudy
2016-06-20,Monday,119,-1.1,clear
2016-06-21,Tuesday,66,-1.7,cloudy
2016-06-22,Wednesday,56,-0.6,cloudy
2016-06-23,Thursday,114,1.9,clear
2016-06-24,Friday,117,1.1,clear
2016-06-25,Saturday,116,-1.1,clear
2016-06-26,Sunday,102,0.1,clear
2016-06-27,Monday,38,0.6,cloudy
2016-06-28,Tuesday,95,-1.6,clear
2016-06-29,Wednesday,104,-0.1,clear
2016-06-30,Thursday,90,-0.3,cloudy
